programming_language,repo_name,commit_id,tool
TypeScript,pancakeswap/pancake-frontend,b19445c911ab8b1462d2bcc1298ebc21a84391a4,copilot-pr
TypeScript,pancakeswap/pancake-frontend,aac9d3bc26d18b4f60a760729711c7805906fbec,copilot-pr
TypeScript,pancakeswap/pancake-frontend,efa27e63fc5c85714a5ba8dc2b9420072465d979,copilot-pr
TypeScript,pancakeswap/pancake-frontend,4e0f034a0129e9800b572fa5fda4453130733d07,copilot-pr
TypeScript,pancakeswap/pancake-frontend,488e08ac50285e0efbeb6588184cd598be0b48fd,copilot-pr
TypeScript,pancakeswap/pancake-frontend,feea66a6fced4e21e12bbe20f775561bf47bf186,copilot-pr
TypeScript,pancakeswap/pancake-frontend,8d9ab4861cabdfe6e5c39730594911781f6f7287,copilot-pr
TypeScript,pancakeswap/pancake-frontend,c656f19923eb873f5883d8bc359ac259053413c0,copilot-pr
TypeScript,pancakeswap/pancake-frontend,11e87b67e123d56e5afe3200790700eced5bfee7,copilot-pr
TypeScript,pancakeswap/pancake-frontend,580bde10cf7ed4b1a02e5844b072d84efb58ebee,copilot-pr
TypeScript,pancakeswap/pancake-frontend,f079d1733041f341afb8fbf4f15b66b51cb4980d,copilot-pr
TypeScript,pancakeswap/pancake-frontend,e8413760707dd1fd04a1eff3fac9ea7469d9c7e6,copilot-pr
TypeScript,pancakeswap/pancake-frontend,40fe6fb7de804cf199e21c73c945cbc79020188e,copilot-pr
TypeScript,pancakeswap/pancake-frontend,0eb758f0142fecf0246d52ee560771e306be154e,copilot-pr
TypeScript,pancakeswap/pancake-frontend,05df3ae220d0ab42310f884cfdbc427f93693bd1,copilot-pr
TypeScript,pancakeswap/pancake-frontend,0ab31e155d594ead34af4a7eb2177a67ec7f005c,copilot-pr
TypeScript,pancakeswap/pancake-frontend,b434a4faff7f3dd21c56f685abb1908c1163f4de,copilot-pr
TypeScript,pancakeswap/pancake-frontend,2828771702193bed3b3d7afbf829f3e614c20b2c,copilot-pr
TypeScript,pancakeswap/pancake-frontend,c5d075eb5be8f8ed36bcf85d7aae9f8c4f3e27a3,copilot-pr
TypeScript,pancakeswap/pancake-frontend,c66e3a0be58fa29cf8fdb73008818f363fc256bc,copilot-pr
TypeScript,pancakeswap/pancake-frontend,3c9356052498c99a1331aaef959bd031d86c8438,copilot-pr
TypeScript,pancakeswap/pancake-frontend,c10bc6ad1bec30ac9b1eb78c51509fdfc6204a2d,copilot-pr
TypeScript,pancakeswap/pancake-frontend,b0c15f8634bdf2bf93fee8d0f3e6461974c6ba63,copilot-pr
TypeScript,pancakeswap/pancake-frontend,321d05f50a9d07b6b570d4388c6ccd2bb3a11c82,copilot-pr
TypeScript,pancakeswap/pancake-frontend,e39632abf545492a4b96a98942b8a0949bd41767,copilot-pr
TypeScript,pancakeswap/pancake-frontend,fda26caecc24c3818d5059e254e15ebc640e10c1,copilot-pr
TypeScript,pancakeswap/pancake-frontend,5b17628332e3f5e71e424b9df513ee169d4d71cf,copilot-pr
TypeScript,pancakeswap/pancake-frontend,8d64439449209e5024c8af9215432b92808e4182,copilot-pr
TypeScript,pancakeswap/pancake-frontend,ad34577c1766fa2cf04f931cf6cc25f2e1a50a0c,copilot-pr
TypeScript,pancakeswap/pancake-frontend,5df34e566f21c315e63d44860b7f51c56cdb4a18,copilot-pr
TypeScript,pancakeswap/pancake-frontend,35fc5fbcc941205099498932b5e683102d2945ad,copilot-pr
TypeScript,pancakeswap/pancake-frontend,013e642c96701da140d9c26d8deb12723b63124b,copilot-pr
TypeScript,pancakeswap/pancake-frontend,eed44b2d2aa9f2174f898be0c4e459e17b0bd883,copilot-pr
TypeScript,pancakeswap/pancake-frontend,7313dafb200d8b46465ba6b1b82d95417dd6cd85,copilot-pr
TypeScript,pancakeswap/pancake-frontend,9ae7b02ba1215865c4e3bd4a07638473f28615ce,copilot-pr
TypeScript,pancakeswap/pancake-frontend,802a2a04299daaeb9a393834a442f1ab6afc2182,copilot-pr
TypeScript,pancakeswap/pancake-frontend,4237bb3f27f46c248c24eb855448b6d3cc282b50,copilot-pr
TypeScript,pancakeswap/pancake-frontend,e854e7424d18c5558731af65c54a59cacc9b0b2e,copilot-pr
TypeScript,pancakeswap/pancake-frontend,8ad32e1a674988de79d44e576c39088303b37fad,copilot-pr
TypeScript,pancakeswap/pancake-frontend,b9d919aeed2353789fc5bc52257d4e0c85ec4715,copilot-pr
TypeScript,pancakeswap/pancake-frontend,fb014c1e9a45df237c05797312063a99a5135699,copilot-pr
TypeScript,pancakeswap/pancake-frontend,ef8ea2f5dafaa38a9fa1189d3674b97b0eab3a75,copilot-pr
TypeScript,pancakeswap/pancake-frontend,41fd3c9cfe2a5d6c323fb430e1aa4dbcc95aac4e,copilot-pr
TypeScript,pancakeswap/pancake-frontend,efced5032842ee5cec571860e9214a464d5e8d33,copilot-pr
TypeScript,pancakeswap/pancake-frontend,f47866c568916644a9afd06cd3e2ab4f5158b00f,copilot-pr
TypeScript,pancakeswap/pancake-frontend,ada37cc08fb8c64fa2384ab03f156ab7319b0750,copilot-pr
TypeScript,pancakeswap/pancake-frontend,fc673547c9708a4cad118776b859dbc9d72c3694,copilot-pr
TypeScript,pancakeswap/pancake-frontend,0ed519bc03143a861f3915bfab2808a09c8832a2,copilot-pr
TypeScript,pancakeswap/pancake-frontend,be872b73c4c494ee64acb317632a915eb8c2fc80,copilot-pr
TypeScript,pancakeswap/pancake-frontend,2276608c9424ccd2ce8b4ca97188eb14b3c1b6d4,copilot-pr
TypeScript,pancakeswap/pancake-frontend,7648f51dd94ea24948f60e4c5e97620cb592369b,copilot-pr
TypeScript,pancakeswap/pancake-frontend,cf6ea6af47a46239ad74c9877864dc1483d1e970,copilot-pr
TypeScript,pancakeswap/pancake-frontend,567d230ee97995b516e175b379a01e0f70b5d062,copilot-pr
TypeScript,pancakeswap/pancake-frontend,9a935d8cb873411dac7d94ab31ba5a1853fe3548,copilot-pr
TypeScript,pancakeswap/pancake-frontend,7506094a8150d402323385c4e006a6f99ead102d,copilot-pr
TypeScript,pancakeswap/pancake-frontend,6e82f1c46ee60f3e66dfc94e0ad1ddc0429e5d44,copilot-pr
TypeScript,pancakeswap/pancake-frontend,f1211bf565e96728699143dbe5ac57368386b1b7,copilot-pr
TypeScript,pancakeswap/pancake-frontend,6098ca93fbaaadf884a5f76134ab266176b719d1,copilot-pr
TypeScript,pancakeswap/pancake-frontend,7b7fc8c800f684f24ea4061baa3fac701926df37,copilot-pr
TypeScript,pancakeswap/pancake-frontend,409ef8a2cb7af8c4ba5742e85dfbe9706b9f9bef,copilot-pr
TypeScript,pancakeswap/pancake-frontend,2ca2ed61f762a1d0b0f7e67ebd700ca75ba65f09,copilot-pr
TypeScript,pancakeswap/pancake-frontend,362e64ef2d6a102175b587b0acc255d01488b666,copilot-pr
TypeScript,pancakeswap/pancake-frontend,63806e64aaed327133233bae2c7062eb0d4d2645,copilot-pr
TypeScript,pancakeswap/pancake-frontend,3d1414eefc7de46a561c9fe3187c010ef303b378,copilot-pr
TypeScript,pancakeswap/pancake-frontend,4e6c1ec9f593573c5a92df1655bd290216ca333c,copilot-pr
TypeScript,pancakeswap/pancake-frontend,ee44a0ec8f816f936d693d5058a7427a7de1bdc5,copilot-pr
TypeScript,pancakeswap/pancake-frontend,cd05c8ea62a9559b08aa1a7443a9c21bb4d39934,copilot-pr
TypeScript,pancakeswap/pancake-frontend,363e4cfb113caf93bc09a75c02a73244fe93bac7,copilot-pr
TypeScript,pancakeswap/pancake-frontend,b51e6cbfa9ce18f7d23bbc6a0f1e65299e0dea44,copilot-pr
TypeScript,pancakeswap/pancake-frontend,e84e967d26c00f065d116c9679049b6300f0d53d,copilot-pr
TypeScript,pancakeswap/pancake-frontend,8c57b47a99d18ff0ef75b0b8623846a12db97ac3,copilot-pr
TypeScript,pancakeswap/pancake-frontend,cc75d613d0398a26725b7cb41b3584b04ab39ae7,copilot-pr
TypeScript,pancakeswap/pancake-frontend,c80c7604f2b8cb9bfd97279a67a4608113ba0293,copilot-pr
TypeScript,pancakeswap/pancake-frontend,d49876b0e8f86b89c665fdf2414881659a441d40,copilot-pr
TypeScript,pancakeswap/pancake-frontend,6e2a66674dbae9c5f9aa2c175572c278245b021e,copilot-pr
TypeScript,pancakeswap/pancake-frontend,761e8523e482c6a3fe4872001d597bb0e5d6bb4f,copilot-pr
TypeScript,pancakeswap/pancake-frontend,95c5fb6cd545c52ea0acc37c2f38cbe9b280ebe8,copilot-pr
TypeScript,pancakeswap/pancake-frontend,789c8c59bf90de619220eaef07e2ae28c5419054,copilot-pr
TypeScript,pancakeswap/pancake-frontend,856b15d72c2610cae537ea384a382179baa57904,copilot-pr
TypeScript,pancakeswap/pancake-frontend,deb779d0f491023e7ec322d2e0befdceec4363af,copilot-pr
TypeScript,pancakeswap/pancake-frontend,3ca5f4252f15f2f1adec4c3c3a08b87be67a2442,copilot-pr
TypeScript,pancakeswap/pancake-frontend,2bb70e602c090a781c90da3b9436f6eab09a96b8,copilot-pr
TypeScript,pancakeswap/pancake-frontend,0832f28d87e649b52b32cfe874f2d28e010356f4,copilot-pr
TypeScript,pancakeswap/pancake-frontend,42e4f4a7d77d9a4180f633c476e1e2dc2ae2527a,copilot-pr
TypeScript,pancakeswap/pancake-frontend,a016ea8ee0827e17e5cd6e2dcb03e09bf9c05cd3,copilot-pr
TypeScript,pancakeswap/pancake-frontend,9628212e8097a4d930987c31fea97bfcf2b7891d,copilot-pr
TypeScript,pancakeswap/pancake-frontend,cd5c4d0ce40bd7ab9c6a74885ad94fee1fbd4e12,copilot-pr
TypeScript,pancakeswap/pancake-frontend,eb2333554016211fd6debf8fc185556414715c37,copilot-pr
TypeScript,pancakeswap/pancake-frontend,7916ba5fd5f70a95f7985e0dbc95da8eaa38a1dc,copilot-pr
TypeScript,pancakeswap/pancake-frontend,2be330fd188434765f762a398fc1e9e0c90e73bb,copilot-pr
TypeScript,pancakeswap/pancake-frontend,f627d6ece9bb7a4a10047fd7a8bed8ea108b72e1,copilot-pr
TypeScript,pancakeswap/pancake-frontend,7248f90351b1517196e551cf4702d1ac59823d27,copilot-pr
TypeScript,pancakeswap/pancake-frontend,6316573298a9ed8e0cf8e5b340d0344150e253df,copilot-pr
TypeScript,pancakeswap/pancake-frontend,6cb13a807965e0be3ffbf015ad6d4494d0937cee,copilot-pr
TypeScript,pancakeswap/pancake-frontend,6e64063aaf3a4d3bf3aeb5fcc4c486569b6c474e,copilot-pr
TypeScript,pancakeswap/pancake-frontend,adad7799f0f26fd117394a14b034a26930e92cb8,copilot-pr
TypeScript,pancakeswap/pancake-frontend,74cc397d320ef07c572b4c81b7fe1a05c24feb56,copilot-pr
TypeScript,pancakeswap/pancake-frontend,ebb4f7b1ee69d83fd3bfeee5b6bd7f9084d3f9d7,copilot-pr
TypeScript,pancakeswap/pancake-frontend,59a26665995329251ddad837c0c4cf5e9ecdd0d6,copilot-pr
TypeScript,pancakeswap/pancake-frontend,e1413ef27ac7884070ecf8a6fd0ceb2fb704f882,copilot-pr
TypeScript,pancakeswap/pancake-frontend,7bb6be07731d5a4639acd0e9dec6df5e1a87bbc5,copilot-pr
TypeScript,pancakeswap/pancake-frontend,fd7a96a36e9b8d961addda39abee9fd62d638536,copilot-pr
TypeScript,pancakeswap/pancake-frontend,ffedd70e97a07cf8f03bc76e669fb3637262cf7b,copilot-pr
TypeScript,pancakeswap/pancake-frontend,25bd3a6bae2811ca8a8b4319de64b3076773205f,copilot-pr
TypeScript,pancakeswap/pancake-frontend,ac6ef44db880b1689a0669d82719d58996da3ca1,copilot-pr
TypeScript,pancakeswap/pancake-frontend,63bb02a0421a204ebe32693a71293598eebffacf,copilot-pr
TypeScript,pancakeswap/pancake-frontend,3bda77beeb8c2484d9fca646df1178e5c937fea3,copilot-pr
TypeScript,pancakeswap/pancake-frontend,02332a804c2aea03cae324cc0e0216fb04d4dc13,copilot-pr
TypeScript,pancakeswap/pancake-frontend,46cacede58ba9faf561ab70107c98d819cedfc35,copilot-pr
TypeScript,pancakeswap/pancake-frontend,5d8abad1ac7b64908f21495a44cb5a34626150cb,copilot-pr
TypeScript,pancakeswap/pancake-frontend,b1db0cc1e9225bb70961953e97c24386eef88f81,copilot-pr
TypeScript,pancakeswap/pancake-frontend,2334ddff9f848b85cdca3aaf74b44dc9b9b0bdb6,copilot-pr
TypeScript,pancakeswap/pancake-frontend,393905e8df17a28f0545e5e3180bb398d757507c,copilot-pr
TypeScript,pancakeswap/pancake-frontend,77d7ce224beb179eb30c06912414b1338875d1b3,copilot-pr
TypeScript,pancakeswap/pancake-frontend,a52543a4da9e9d0a37f0535bc4b4b3a80e746241,copilot-pr
TypeScript,pancakeswap/pancake-frontend,4038b921675d1761e8caac9e1b39d4ba68c50143,copilot-pr
TypeScript,pancakeswap/pancake-frontend,bc3fa0dd4a0780f8dbd6b6fc01e942a52718ff32,copilot-pr
TypeScript,pancakeswap/pancake-frontend,64a5b947111335a849bbbd06cab214142e1413f2,copilot-pr
TypeScript,pancakeswap/pancake-frontend,54da61147e9291f1afdc73cc3259bd43f07bc3a8,copilot-pr
TypeScript,pancakeswap/pancake-frontend,dbcee4ce33ad657e721e789d3f685b6e1aed4bd5,copilot-pr
TypeScript,pancakeswap/pancake-frontend,757c6d45e91954f5bb4c0e2143777385f252c4ff,copilot-pr
TypeScript,pancakeswap/pancake-frontend,52a0212d1e0eb670ff7062e2f3565a0bee0bcb4d,copilot-pr
TypeScript,pancakeswap/pancake-frontend,3c56d08317673e6576daf33e612ed7325ed1b7ac,copilot-pr
TypeScript,pancakeswap/pancake-frontend,19eff8951748a85f9de8c2f36f08951e9d225329,copilot-pr
TypeScript,pancakeswap/pancake-frontend,db049bc0738dd5c70bdc5634087c71cd6947ace3,copilot-pr
TypeScript,pancakeswap/pancake-frontend,965654bc42937941528bdffa1526b2f839dfc8dc,copilot-pr
TypeScript,pancakeswap/pancake-frontend,3e855b31bd7cc2c73c898d4b8c86175154ec0a8f,copilot-pr
TypeScript,pancakeswap/pancake-frontend,b22c68c5f06a622ae43f5fc8bbb7e5b6fe02d524,copilot-pr
TypeScript,pancakeswap/pancake-frontend,cb5cb66494f0231e7ee9b0704434e856eeb918b8,copilot-pr
TypeScript,pancakeswap/pancake-frontend,99a7b168ae3f032cdcae8c0bc17b34c7c67b1abf,copilot-pr
TypeScript,pancakeswap/pancake-frontend,4e992a1325da53b8c0bcc17f7f12857da3aa2a67,copilot-pr
TypeScript,pancakeswap/pancake-frontend,f71904c2624cc68cf6a9249442e5fdbf2847012f,copilot-pr
TypeScript,pancakeswap/pancake-frontend,8e99546fb4d48166ffc62191e01ce5072fe31bd2,copilot-pr
TypeScript,pancakeswap/pancake-frontend,f470d6297da39a36a7ad7771c62d25bd23f6e7a8,copilot-pr
TypeScript,pancakeswap/pancake-frontend,98b54b84b5705151c5a6c440263e761823b0bb72,copilot-pr
TypeScript,pancakeswap/pancake-frontend,cb5a0a9e17775e00f18292eea49ffcce87119ef2,copilot-pr
TypeScript,pancakeswap/pancake-frontend,9dd8b9b71e4edc3a38b837fb101e930985fd2d59,copilot-pr
TypeScript,pancakeswap/pancake-frontend,fbc850bb3d54b1b5967f283ad1c75ce1991c55eb,copilot-pr
TypeScript,pancakeswap/pancake-frontend,5a6bc06aaf3d1d8ecf6a6e67b8a6f3a0f9edfc23,copilot-pr
TypeScript,pancakeswap/pancake-frontend,75b00c53c7cbd7b0a54179739e6498f2a357b920,copilot-pr
TypeScript,pancakeswap/pancake-frontend,dfa20d82864f2d5a5e5804e02c1d946af2613c0d,copilot-pr
TypeScript,pancakeswap/pancake-frontend,e73d4ded32df6cef1db131f4dcc1dba4c87a6f55,copilot-pr
TypeScript,pancakeswap/pancake-frontend,fa5d5334e450997c24ced6745f40556c1f3c0e01,copilot-pr
TypeScript,pancakeswap/pancake-frontend,b30a46f7f56babd1a2ff8265557ff614ae70908e,copilot-pr
TypeScript,pancakeswap/pancake-frontend,47757b84b281a5e1caac71ded0a250b580385671,copilot-pr
TypeScript,pancakeswap/pancake-frontend,b328ce24c66f965c85971dbd6210a8d80809c322,copilot-pr
TypeScript,pancakeswap/pancake-frontend,c8223f84656c2207d79b57fdb8c9a37e6cc960ff,copilot-pr
TypeScript,pancakeswap/pancake-frontend,45b466019984fa6329939b841dc362906033996e,copilot-pr
TypeScript,pancakeswap/pancake-frontend,1985ea7515af81c49b1e8783df35bdb1be0d0ebb,copilot-pr
TypeScript,pancakeswap/pancake-frontend,4faf0bc4d9b803b245dedef3d44318cdca8293c0,copilot-pr
TypeScript,pancakeswap/pancake-frontend,49d24e6996561ab65f6f52969928cde72bc29bdf,copilot-pr
TypeScript,pancakeswap/pancake-frontend,f9229f0deafea4aa6bd072af78db47fd6486746f,copilot-pr
TypeScript,pancakeswap/pancake-frontend,bbefa0e374f836399583ea4de478e02318c7bb86,copilot-pr
TypeScript,pancakeswap/pancake-frontend,b4a6e99fdecdbfd49034c39884a63967dadf0f6f,copilot-pr
TypeScript,pancakeswap/pancake-frontend,64c6c2aa01c543e88acba9dcd019885890575922,copilot-pr
TypeScript,pancakeswap/pancake-frontend,eed2b899df9f5dab1fa8be35b6bf5e05dc44e99f,copilot-pr
TypeScript,pancakeswap/pancake-frontend,929159ed2172b01f62a4f2d1c23051cbb3287b7e,copilot-pr
TypeScript,pancakeswap/pancake-frontend,baee7e6305d6aad5e96aa72ba4b8604ca1876eaa,copilot-pr
TypeScript,pancakeswap/pancake-frontend,22b8dc7db9d84f1d2a03efd43ba48ac79171529b,copilot-pr
TypeScript,pancakeswap/pancake-frontend,241cc7897927ea5890962b876870dc4cb02f52d9,copilot-pr
TypeScript,pancakeswap/pancake-frontend,0c6014d72d09d8456a14b3979574943f194a1f3b,copilot-pr
TypeScript,pancakeswap/pancake-frontend,4731ab85ec6dd4db908761409c3d9f783f4c18ea,copilot-pr
TypeScript,pancakeswap/pancake-frontend,ff9a0964f13757e5a10a054f2d12a4d21910acfe,copilot-pr
TypeScript,pancakeswap/pancake-frontend,47a901e2db9d3ce6117f08371c08f594ecf8cf8a,copilot-pr
TypeScript,pancakeswap/pancake-frontend,189b3625d3a4167ccc4343056bab5be6553b2bbf,copilot-pr
TypeScript,pancakeswap/pancake-frontend,cde87fcaf09751ce1c744ec3fd3f0da8862a0415,copilot-pr
TypeScript,pancakeswap/pancake-frontend,dc7e171db052e6fb68f0540cd9309d40c7a76434,copilot-pr
TypeScript,pancakeswap/pancake-frontend,05f9db676e56950c9a3e84a4770f04a258a73ca2,copilot-pr
TypeScript,pancakeswap/pancake-frontend,cddf570569ae630a482448d06f0a1df367e4f8c1,copilot-pr
TypeScript,pancakeswap/pancake-frontend,8f854d3e46366098747b217ec845513e63190865,copilot-pr
TypeScript,pancakeswap/pancake-frontend,0f8e92425b0b5a4f798b397d2bca21091760ece6,copilot-pr
TypeScript,pancakeswap/pancake-frontend,1d18f7fbe1fa8b9287be11056a423daedea140a6,copilot-pr
TypeScript,pancakeswap/pancake-frontend,d4f590b6ab329bdc28a9014dab1d75e063140b8e,copilot-pr
TypeScript,pancakeswap/pancake-frontend,4f498e909ba7a2b2018bad8d033c9ac0f78a5a7d,copilot-pr
TypeScript,pancakeswap/pancake-frontend,6d087cdfd6138f12da0dda138b51b99678367e32,copilot-pr
TypeScript,pancakeswap/pancake-frontend,58c8dfaf44129ddaa3e8434f9f42c3b50bd725ba,copilot-pr
TypeScript,pancakeswap/pancake-frontend,533f14d782dc8f687600da278d0ff884d93dcd54,copilot-pr
TypeScript,pancakeswap/pancake-frontend,2a684051ff1b14b728abb27d97e1934db717f6f4,copilot-pr
TypeScript,pancakeswap/pancake-frontend,e5944e062ed3eb27de13e81f496451aba8bf5a4d,copilot-pr
TypeScript,pancakeswap/pancake-frontend,26c7862064267c5041d14af63a999bb6c001b00f,copilot-pr
TypeScript,pancakeswap/pancake-frontend,26799d529e1c0273a44b03b638e97098f7a5880b,copilot-pr
TypeScript,pancakeswap/pancake-frontend,b4d0c2cad214955143355acb493dba957015eb45,copilot-pr
TypeScript,pancakeswap/pancake-frontend,d2db1d07b53a7550e1e2a05832d4d1682f0c9713,copilot-pr
TypeScript,pancakeswap/pancake-frontend,4723ba7deb10c4b3fe3892bd18035e7b855fd962,copilot-pr
TypeScript,pancakeswap/pancake-frontend,be64afc42fffa4e2577ef1e1327902c79bdc4ddc,copilot-pr
TypeScript,pancakeswap/pancake-frontend,e2e4e3d90c058dd80551e5d20ad3666e0691f626,copilot-pr
TypeScript,pancakeswap/pancake-frontend,dd44ad9d6c2e1bb2459809523d6fead4e035afed,copilot-pr
TypeScript,pancakeswap/pancake-frontend,500b9f325a1562745165e71d8ca639f8a55b1436,copilot-pr
TypeScript,pancakeswap/pancake-frontend,3dcaa05b1741805f2b7c307ed58e11ff221699d7,copilot-pr
TypeScript,pancakeswap/pancake-frontend,c236a3ee4633a330f93a75c79871efde24d014fe,copilot-pr
TypeScript,pancakeswap/pancake-frontend,e4dd88db383b5722bd1ad558da73723b5d46c661,copilot-pr
TypeScript,pancakeswap/pancake-frontend,dd55a433d38c9be03208ec5c6d7f586bea77d9ff,copilot-pr
TypeScript,pancakeswap/pancake-frontend,159e68dc225ffefb49751a045288f74b9341e6d0,copilot-pr
TypeScript,pancakeswap/pancake-frontend,1c4f53d8764fd1b16c87a30f0d55a578e14a8659,copilot-pr
TypeScript,pancakeswap/pancake-frontend,15520e566225e020d4307222e2de7153d3024848,copilot-pr
TypeScript,pancakeswap/pancake-frontend,5c92269974e2e583dcc01457d2ac1abde859937a,copilot-pr
TypeScript,pancakeswap/pancake-frontend,d65e402e0f9707ac947196b691e5f4e12f52df9a,copilot-pr
TypeScript,pancakeswap/pancake-frontend,ecc79fc67b2f7d925f616f6dae123a3feda8d34e,copilot-pr
TypeScript,pancakeswap/pancake-frontend,38319759ae6e2b7ec35e72a1718fc4010f4a3ee6,copilot-pr
TypeScript,pancakeswap/pancake-frontend,9b5d93eb7f0b264a00447d231e376e5862edf410,copilot-pr
TypeScript,pancakeswap/pancake-frontend,983ebe4180e83aa191fa228e50990a4e3e7cc032,copilot-pr
TypeScript,pancakeswap/pancake-frontend,b59c6a2ccaa73f55946c453cee3c92e3a9ede4d5,copilot-pr
TypeScript,pancakeswap/pancake-frontend,84d406652d837dc48e8a1b403fea787d759bc1c4,copilot-pr
TypeScript,pancakeswap/pancake-frontend,4dd27c7a72f933063a4467b4f18ddcef6b27b9e1,copilot-pr
TypeScript,pancakeswap/pancake-frontend,8d250bece3209d253fb1ed2ea1f65989f69deb6f,copilot-pr
TypeScript,pancakeswap/pancake-frontend,f73f64f081dee45912ea97f99772fb4c7eb0fe93,copilot-pr
TypeScript,pancakeswap/pancake-frontend,8ae637f4084cb293f1d700b81b80dc967cf6065f,copilot-pr
TypeScript,pancakeswap/pancake-frontend,4bd39203fdcb30fc26ce14ea706abfe942f9ca2f,copilot-pr
TypeScript,pancakeswap/pancake-frontend,47f221cc2757b3d9d0101765e3685107bbca4a78,copilot-pr
TypeScript,pancakeswap/pancake-frontend,96acaa46827020dced8ea6d59d9f26b2d80c08e6,copilot-pr
TypeScript,pancakeswap/pancake-frontend,2ceb8e9ff5217b947966b8d8f204090ae1d8c1f5,copilot-pr
TypeScript,pancakeswap/pancake-frontend,5e408a0dbbe75d6182fb68e21481c92b095fee89,copilot-pr
TypeScript,pancakeswap/pancake-frontend,70a787a25eb3e2863e1687aa197f405277154bbc,copilot-pr
TypeScript,pancakeswap/pancake-frontend,8fbb85ae30c03066c8443f4ca02b766725504d20,copilot-pr
TypeScript,pancakeswap/pancake-frontend,0f2e7cb5da67bb09bcec8434961fedd6d7455201,copilot-pr
TypeScript,pancakeswap/pancake-frontend,afde265b04268efbf4ccc39a8195865aea35183b,copilot-pr
TypeScript,pancakeswap/pancake-frontend,696c7e49d1d4bf8dd1378f76f156f907158237ab,copilot-pr
TypeScript,pancakeswap/pancake-frontend,9730294e40379bb2bc9da8765111521d389209bb,copilot-pr
TypeScript,pancakeswap/pancake-frontend,140679114328c2207b20c98b51c4f853689ece43,copilot-pr
TypeScript,pancakeswap/pancake-frontend,7bc181ccb3caa42c2d90c07b74559bde4acd8959,copilot-pr
TypeScript,pancakeswap/pancake-frontend,f1c03d8a3a58c26839b28c3ea55949b5e9923433,copilot-pr
TypeScript,pancakeswap/pancake-frontend,96e07ae1aec7bab12ab5f20efd04f03bea0bf2aa,copilot-pr
TypeScript,pancakeswap/pancake-frontend,850be63ebe7ddb362f304108159375a4b2b33c1d,copilot-pr
TypeScript,pancakeswap/pancake-frontend,56c572418148eb27f71b288f5f955ed399a131a5,copilot-pr
TypeScript,pancakeswap/pancake-frontend,7854230ed1c1fcbff2cfb113ae7d1967bc671ba4,copilot-pr
TypeScript,pancakeswap/pancake-frontend,6a1d6635b7e1af832527c0e88900a060e8152356,copilot-pr
TypeScript,pancakeswap/pancake-frontend,bd94985b0144a4ad41d6226de998141bc1fb3d2b,copilot-pr
TypeScript,pancakeswap/pancake-frontend,9b20ec8c0adbe01a340ade419a111f883992146e,copilot-pr
TypeScript,pancakeswap/pancake-frontend,a00df5467664ac123ae7fa14678b285a3c756e8f,copilot-pr
TypeScript,pancakeswap/pancake-frontend,ed3146c9344e0c51c8cf193a354b0ab9f3011a71,copilot-pr
TypeScript,pancakeswap/pancake-frontend,80bd19b2753f1e9138ba1762246d5c760cde3cab,copilot-pr
TypeScript,pancakeswap/pancake-frontend,462559660d96be54ec87802dabfaf1991572b862,copilot-pr
TypeScript,pancakeswap/pancake-frontend,4e38636d8d187a483c0d4393e03d0d6b2d5303dd,copilot-pr
TypeScript,pancakeswap/pancake-frontend,60e5042bc9ce4a086a4f64d731789c3770e2a3eb,copilot-pr
TypeScript,pancakeswap/pancake-frontend,070354b8a25c40126725aa1bf8fb6a210518fbb2,copilot-pr
TypeScript,pancakeswap/pancake-frontend,569b481d49909d16a2537f5a4e8cf572b21d59e3,copilot
TypeScript,pancakeswap/pancake-frontend,0481d443de79c62bfdc666dc1d43ffd80657db57,copilot-pr
TypeScript,pancakeswap/pancake-frontend,24d68b23d208c22d4a2c3f2aaea04b5da27d8408,copilot-pr
TypeScript,pancakeswap/pancake-frontend,1afb86d2296f18ec1c63e65a660295f608f1ce5c,copilot
TypeScript,pancakeswap/pancake-frontend,c65a2aea9baa9563eff581382e3e1cb4e051e7dd,copilot-pr
TypeScript,pancakeswap/pancake-frontend,4ead64f7b1775bd0371f74d18ac06560ddf0e59d,copilot-pr
TypeScript,pancakeswap/pancake-frontend,5300d6144b6c1a179929bd1a73d72203cb329b86,copilot-pr
TypeScript,pancakeswap/pancake-frontend,110acb75e95ede2d7315d0c98a34f0c04cef03f9,copilot-pr
TypeScript,pancakeswap/pancake-frontend,75d0a1a50a929f4830bc26a1fdadf55c977867c3,copilot-pr
TypeScript,pancakeswap/pancake-frontend,9f0220610ba748743678f1f8fae577d329841277,copilot-pr
TypeScript,pancakeswap/pancake-frontend,47f8866007955587c510e366debbda8a818772d6,copilot-pr
TypeScript,pancakeswap/pancake-frontend,5891d46a3094a5c2246580237ad17a55623a2e70,copilot-pr
TypeScript,pancakeswap/pancake-frontend,7fe00ab87fb4cf3c540bbc8aa768a3f58da1bcef,copilot-pr
TypeScript,pancakeswap/pancake-frontend,54adf5e7ce97e7be1735d2f7b2b377196a88d116,copilot-pr
TypeScript,pancakeswap/pancake-frontend,298f2b157f4cc100299ad73feed0e8a3e968d293,copilot
TypeScript,pancakeswap/pancake-frontend,d9d315923fa606c44d2ade740d6c6b42af0ea154,copilot-pr
TypeScript,pancakeswap/pancake-frontend,9871a186e8010650b2a2d1f88b76838876ff4f9d,copilot-pr
TypeScript,pancakeswap/pancake-frontend,86cc091588a5c65ef7a562988be857784e14eae7,copilot
TypeScript,pancakeswap/pancake-frontend,c0706f381ab8ace751f3f4beaa7b0a83d39f6425,copilot-pr
TypeScript,pancakeswap/pancake-frontend,6f75d4210e74190c014265395775b2442c7580f6,copilot-pr
TypeScript,pancakeswap/pancake-frontend,2f079ecd612bad0acf8eec9bafc524efbf9b1662,copilot-pr
TypeScript,pancakeswap/pancake-frontend,61e105b41bd27f4107b290b9b68ee166f4cb8eec,copilot-pr
TypeScript,pancakeswap/pancake-frontend,cf1f8e89e2e111b21092379f87e4d15d568b6a2c,copilot-pr
TypeScript,pancakeswap/pancake-frontend,92f0da053b2ffb5f05a6520e3b52de8a29e1b294,copilot
TypeScript,pancakeswap/pancake-frontend,b7c5d122cf1c573317019ae0935155799830c438,copilot-pr
TypeScript,pancakeswap/pancake-frontend,60785460fd5d3d093c713002218d86436348034c,copilot-pr
TypeScript,pancakeswap/pancake-frontend,1816add95abe9de94b2588d2145d1d7f12bdb1ce,copilot-pr
TypeScript,pancakeswap/pancake-frontend,1127087519baee02eb4b46738fbe10c7d6353e51,copilot-pr
TypeScript,pancakeswap/pancake-frontend,457d1d3e8b52e63be44433150f29d35dcd64da88,copilot-pr
TypeScript,pancakeswap/pancake-frontend,93254838ad3f8776e44b70d151ca29f8f92bf94b,copilot-pr
TypeScript,pancakeswap/pancake-frontend,7ec6bc71bcbe2263a1aceb14059aabe7f9cb3a8c,copilot-pr
TypeScript,pancakeswap/pancake-frontend,ec8894cb56a897a81ac62c260682177ac7b72d03,copilot-pr
TypeScript,pancakeswap/pancake-frontend,435a90ac2c25d59a944d7e825349f0c28b679326,copilot-pr
TypeScript,pancakeswap/pancake-frontend,f8806f13542ae33cb7c675276071a77a13acf3a6,copilot
TypeScript,pancakeswap/pancake-frontend,5ad7fae16e8cab227ccb8124376054151d39a736,copilot-pr
TypeScript,pancakeswap/pancake-frontend,5b1c68cb6a9a6c4a3b38013808eac8728bed255a,copilot-pr
TypeScript,pancakeswap/pancake-frontend,e2090ac6ade2710cc95aa8a964ae57a96f853df2,copilot-pr
TypeScript,pancakeswap/pancake-frontend,1577caa6f819797a7146adc7f4f023e81c6bae04,copilot-pr
TypeScript,pancakeswap/pancake-frontend,8924001ac9d4dcdd8e1ba7a34d00619a47f5a7be,copilot-pr
TypeScript,pancakeswap/pancake-frontend,007261f8bdfd6677f1f9b18dda8f52c7c3f1c876,copilot
TypeScript,pancakeswap/pancake-frontend,383271a19a91996f8e1a05d71644ae4011187528,copilot-pr
TypeScript,pancakeswap/pancake-frontend,a9a703dd79bcdd7abe353ed3c583972eda49f771,copilot
TypeScript,pancakeswap/pancake-frontend,fd998fd6297ce42245890941d08e2e318047006e,copilot
TypeScript,pancakeswap/pancake-frontend,99f5933179a1c8e8f3826a54806d820e339859b9,copilot-pr
TypeScript,pancakeswap/pancake-frontend,8531a5cf46fb78ced7f36029cc735b7c02264f66,copilot-pr
TypeScript,pancakeswap/pancake-frontend,563d5c2fbdfabe0f0b56a8ada2396268986a7530,copilot-pr
TypeScript,pancakeswap/pancake-frontend,e97240780c940d88bd90f7d232e012fb022d4ed0,copilot-pr
TypeScript,pancakeswap/pancake-frontend,8662f0c63186f2feb8babc80a3276b8e19e78561,copilot-pr
TypeScript,pancakeswap/pancake-frontend,1831356d9da79fc36086d599037d7036c9f35ca5,copilot-pr
TypeScript,pancakeswap/pancake-frontend,03351264b1c56c2b5e8cdbe6a0c4a5010c4488c5,copilot-pr
TypeScript,pancakeswap/pancake-frontend,77faeef18dd8e0d98a4383afd8e3110d4e3eb901,copilot-pr
TypeScript,pancakeswap/pancake-frontend,9ed8b5733d176f967b45a5831f24357202f90604,copilot-pr
TypeScript,pancakeswap/pancake-frontend,8386e08bbfec70ec4efc4a85471519ec137c2c19,copilot
TypeScript,pancakeswap/pancake-frontend,5a6e008c36d8d580954031db64419a72973586cd,copilot
TypeScript,pancakeswap/pancake-frontend,b178e28278a05b62374ff41c895a2237751dc349,copilot-pr
TypeScript,pancakeswap/pancake-frontend,ec5c0034a33c1681d7965898f58fc623ba8c9176,copilot
TypeScript,pancakeswap/pancake-frontend,8b097ba00d9ef206e34a7487ed7131ab91601a19,copilot-pr
TypeScript,pancakeswap/pancake-frontend,132ad5ec23ba56537b4c5b71d2e791e8bd2fc40d,copilot-pr
TypeScript,pancakeswap/pancake-frontend,bd2424eca989096918c3f1f617a5cd672ad29f65,copilot-pr
TypeScript,pancakeswap/pancake-frontend,d95f3f9f5a3092c1b1e095729a2dd0e66125077a,copilot-pr
TypeScript,pancakeswap/pancake-frontend,ec522a2101614cfeeff9399309e590cd1cd7ba98,copilot
TypeScript,pancakeswap/pancake-frontend,dce949c754c9ffa952f0b0d16bbdbfafa6676feb,copilot
TypeScript,pancakeswap/pancake-frontend,b7b1b8601071a2bd8a98936af3bf32746c528906,copilot-pr
TypeScript,pancakeswap/pancake-frontend,b8b9c3de02382552f6d76d979cbf71a29d49da9f,copilot-pr
TypeScript,pancakeswap/pancake-frontend,03e6df438a4bc350eb56c41cdfcd3567c435f64f,copilot-pr
TypeScript,pancakeswap/pancake-frontend,6d045d0249d7dd31f5d0ffe4047b7a404bff954a,copilot-pr
TypeScript,pancakeswap/pancake-frontend,f1536aba185c73cf1032a4e0236de589607c3a3f,copilot
TypeScript,pancakeswap/pancake-frontend,2f8f8f3ba19f32ec7304461c8faa66e4b60343b9,copilot
TypeScript,pancakeswap/pancake-frontend,b295c981a36d174f174b3b39ecb0fa8e91d45ce1,copilot
TypeScript,pancakeswap/pancake-frontend,c08f1353c9cf3b37c6593012280281229d24c80b,copilot
TypeScript,pancakeswap/pancake-frontend,0cc7ee0a81d7774d64c74e85185dc39b9262feed,copilot-pr
TypeScript,pancakeswap/pancake-frontend,8bb2e022e98551af637a8455336d36c5d6799384,copilot-pr
TypeScript,pancakeswap/pancake-frontend,9f65a3ee091e9950187728f6ed4d41adc09f3539,copilot-pr
TypeScript,pancakeswap/pancake-frontend,23b0d324420c27aa1addec0d750c3b122f64a0c1,copilot-pr
TypeScript,pancakeswap/pancake-frontend,003ac8a33e48032ca161dfea65d43956d1e38156,copilot-pr
TypeScript,pancakeswap/pancake-frontend,81270cfe5ed5f8f32ae0021610ae17be68cb2192,copilot
TypeScript,pancakeswap/pancake-frontend,2bc9eae8609d5a08a7626f930e422ed0f6c1bfa4,copilot-pr
TypeScript,pancakeswap/pancake-frontend,5e3efdfe990d7d10a288d6ba46c6c5c80875249b,copilot-pr
TypeScript,pancakeswap/pancake-frontend,82bfc787e59162ae8ceaecd6401c08c8f66cd0d4,copilot
TypeScript,pancakeswap/pancake-frontend,5ba1796f4dd174a1e37b8ae8e1510124a026a4f1,copilot-pr
TypeScript,pancakeswap/pancake-frontend,64eae67c8fed1720cf7a87c306d9dddda9c0ad8f,copilot-pr
TypeScript,pancakeswap/pancake-frontend,27a9a23311dca2ba25b798013b7b806fe9a1730d,copilot-pr
TypeScript,pancakeswap/pancake-frontend,e64d230c5dd5719c9a6c57e67cb2dd643823f4a1,copilot-pr
TypeScript,pancakeswap/pancake-frontend,0788fffde77828f42c07fcf34403d8a8b9b4d667,copilot-pr
TypeScript,pancakeswap/pancake-frontend,dcd2a4a8e30afde25a92bfc8d3fb0e2bc1469e07,copilot-pr
TypeScript,pancakeswap/pancake-frontend,56dcac3ec6fd2e0459c388680c613ee8531c397b,copilot-pr
TypeScript,pancakeswap/pancake-frontend,976e48ea99a468f9cfb0f5445efdc55c364d0d3e,copilot-pr
TypeScript,pancakeswap/pancake-frontend,5bf67e2666141e575975ecf72e23357078a78e14,copilot
TypeScript,pancakeswap/pancake-frontend,67e10cd2e70eca7ddfe72972866fac14733ff577,copilot-pr
TypeScript,pancakeswap/pancake-frontend,7536c8282c9f710c110efaeac3ee9deed92753e6,copilot-pr
TypeScript,pancakeswap/pancake-frontend,ae8ff68735b2a5ad6c7fccb04737befbd12ab195,copilot-pr
TypeScript,pancakeswap/pancake-frontend,29af67cf8324d9c95c29d94c30b671de30e2d2fb,copilot-pr
TypeScript,pancakeswap/pancake-frontend,187864deb5a8809e6c06953e77eb81167b437f6a,copilot
TypeScript,pancakeswap/pancake-frontend,e491ed2ba2b8c098654be41d8bcb27dd1569e477,copilot-pr
TypeScript,pancakeswap/pancake-frontend,724c81907c17a9d64fc37f0dc651d3bc05e03f2b,copilot-pr
TypeScript,pancakeswap/pancake-frontend,a8df1e800735432cffaaf4b171e5b70912485a77,copilot-pr
TypeScript,pancakeswap/pancake-frontend,dfbf2b4a21c9a712202c25a579ef9a65be986a60,copilot-pr
TypeScript,pancakeswap/pancake-frontend,3dac935ae18730c692305da18eb5efa2743c931b,copilot-pr
TypeScript,pancakeswap/pancake-frontend,d25b6ae34c9190138986581131649c6987691e61,copilot-pr
TypeScript,pancakeswap/pancake-frontend,92f9b2b65e7111de7368224d1d2d7a46f5cb2c7d,copilot
TypeScript,pancakeswap/pancake-frontend,96c3aafb1b39271747ddf8439844f05af7365783,copilot
TypeScript,pancakeswap/pancake-frontend,a800d2ef3d04cd2fb16f74e9c28a3b1235228200,copilot-pr
TypeScript,pancakeswap/pancake-frontend,d167bdb519026eae25bf47beffcf239daa92a1be,copilot-pr
TypeScript,pancakeswap/pancake-frontend,05c544b228d9b28a6d5361e2e5ab5167c58d8de5,copilot-pr
TypeScript,pancakeswap/pancake-frontend,f30488f5248b357e8a4db2fb94c6e4166529b7f3,copilot-pr
TypeScript,pancakeswap/pancake-frontend,21bf720b4d548fdb61f0d203ba8d50ebc7204793,copilot-pr
TypeScript,pancakeswap/pancake-frontend,f527b2930f0dcecd1a78287d377680417524cd4a,copilot
TypeScript,pancakeswap/pancake-frontend,5914d72e55a3320fc2b431e3dc12ac178aeb01ef,copilot-pr
TypeScript,pancakeswap/pancake-frontend,a73a15ee53b74f34a0f1f2d708722be0fee0efbe,copilot-pr
TypeScript,pancakeswap/pancake-frontend,7ed70cff7ebd0468f7d6ac0598b630668f43f9ae,copilot-pr
TypeScript,pancakeswap/pancake-frontend,2d7e1b3e2609d5ab9d998e06203eee10611187ca,copilot-pr
TypeScript,pancakeswap/pancake-frontend,67d0780d1bd0fe0683b65269538a96fda4dbaaba,copilot-pr
TypeScript,pancakeswap/pancake-frontend,5d48bfe3619c455e58512f718568cc85dc5a7ff2,copilot-pr
TypeScript,pancakeswap/pancake-frontend,424636360731c6afc2726b58b55942810096be3c,copilot-pr
TypeScript,pancakeswap/pancake-frontend,b140cd4c37e62a6ac937c658a71c7f7522fa162c,copilot-pr
TypeScript,pancakeswap/pancake-frontend,8b7736216973e70c4bad5bd227510ff1bc9c1f0d,copilot-pr
TypeScript,pancakeswap/pancake-frontend,0b03de26a61cddb572a4170834d95779a16af1ec,copilot-pr
TypeScript,pancakeswap/pancake-frontend,8083d181d6ade153e0a0ffbee400706b84225f7c,copilot-pr
TypeScript,pancakeswap/pancake-frontend,9367177d44e50ccfbcb6ce263cf7a2cdd8354b0c,copilot-pr
TypeScript,pancakeswap/pancake-frontend,991f5ae23dcb7dbd2b0d6e2ffd147226e78b2e91,copilot-pr
TypeScript,pancakeswap/pancake-frontend,b840724bdb01783a9639efa47e2c5996d24342b7,copilot
TypeScript,pancakeswap/pancake-frontend,3a9656537e69cc406ccc426c65c47e6425f4720a,copilot-pr
TypeScript,pancakeswap/pancake-frontend,ed9f039c91fb86dcfdbe488c33b14969567d09aa,copilot-pr
TypeScript,pancakeswap/pancake-frontend,fb71fc11a6eb59b3232aadbf8302f076b57a37a9,copilot
TypeScript,pancakeswap/pancake-frontend,db0950a5bcbb6d0e605c6388c6c841ebdfb50774,copilot-pr
TypeScript,pancakeswap/pancake-frontend,4cca3f68871e9273c4e8f6bf6041f14ca7e926e1,copilot-pr
TypeScript,pancakeswap/pancake-frontend,9ea943a8e474fc0e1d55e3d77277acc5690710c3,copilot-pr
TypeScript,pancakeswap/pancake-frontend,bb83caccc2ee343642456b2ac2c2f3b6c4de76ad,copilot-pr
TypeScript,pancakeswap/pancake-frontend,51b77c78749e4c1ec64b66e7ceb20e8e21e5860c,copilot-pr
TypeScript,pancakeswap/pancake-frontend,dd10c9457bcc31f7ea8b666096b5e5c593c9412c,copilot-pr
TypeScript,pancakeswap/pancake-frontend,9df78d526c1bd373ba0fcbaee848a2e815f3ceb5,copilot
TypeScript,pancakeswap/pancake-frontend,b222b11d272209df8966d00320839a11f8e65a2d,copilot
TypeScript,pancakeswap/pancake-frontend,17ccb1ff6c1b2c5018298b015bcd51f40ae55077,copilot-pr
TypeScript,pancakeswap/pancake-frontend,badb8d26554ef59205c6801a59089ed70675bffd,copilot-pr
TypeScript,pancakeswap/pancake-frontend,78d4563eb576ae694739a489fd7b1f477e51d0a1,copilot-pr
TypeScript,pancakeswap/pancake-frontend,329c19490fc2ca0be6115dacc495448b65f4f835,copilot-pr
TypeScript,pancakeswap/pancake-frontend,4c326dac8838e5af5c80f0617c246fbcf8e8a01d,copilot-pr
TypeScript,pancakeswap/pancake-frontend,32a69d8c93a9b768bd20ef510acb5a80a1dbaeb7,copilot
TypeScript,pancakeswap/pancake-frontend,575ffc0d5042f70e6b04b901d80274e2cee1e536,copilot-pr
TypeScript,pancakeswap/pancake-frontend,2c1c5e5c8e06dedda4fe71b4c060f1cb829684da,copilot-pr
TypeScript,pancakeswap/pancake-frontend,5a9836d393f8afc6841d148f173154c6bc6212c3,copilot-pr
TypeScript,pancakeswap/pancake-frontend,8337b09a8b0adca339b440e197167d2dd92b67ba,copilot-pr
TypeScript,pancakeswap/pancake-frontend,c2f8fe7bc8314de966db70bb621db950485979b6,copilot-pr
TypeScript,pancakeswap/pancake-frontend,efa8af4643bdbfb1a058dd68b9c5773bbf10ee62,copilot
TypeScript,pancakeswap/pancake-frontend,fdd35e256f5a90bdf7e4ff33abc1d17e2cc4f440,copilot
TypeScript,pancakeswap/pancake-frontend,54ead6fbec9897549839f368834bb4981430d219,copilot-pr
TypeScript,pancakeswap/pancake-frontend,6f83b071ef12c905d6328ca07a5894581c55052b,copilot-pr
TypeScript,pancakeswap/pancake-frontend,a784ca6eddd0e244d135bddd7b913b6f10920ad8,copilot-pr
TypeScript,pancakeswap/pancake-frontend,815e70e19d81c61b2c245034e4685a67aa238482,copilot-pr
TypeScript,pancakeswap/pancake-frontend,4fdb8c8dd902270461ff394bfd30c65a1380067b,copilot
TypeScript,pancakeswap/pancake-frontend,4450467f61fcab5968ab94b6c017ebd7f89d7473,copilot-pr
TypeScript,pancakeswap/pancake-frontend,ca461697b425d15bff78e8739acb4e2fd2860708,copilot-pr
TypeScript,pancakeswap/pancake-frontend,e4bfa0a1511e317ce5e315a38cd02832262183b8,copilot-pr
TypeScript,pancakeswap/pancake-frontend,b8ae2e48b16304bd0eed61689e1b35babb09e8a0,copilot-pr
TypeScript,pancakeswap/pancake-frontend,8913aad67d25cf55384adf90bbf7c4c3c74ec19b,copilot-pr
TypeScript,pancakeswap/pancake-frontend,0641cc6edfaf0b70d6d1c89d119f427d93f8e291,copilot-pr
TypeScript,pancakeswap/pancake-frontend,104a6dd952cc56710a4d256a871871c065d091c3,copilot-pr
TypeScript,pancakeswap/pancake-frontend,86fac6393960053c687d8a5e0741c91d04eadecc,copilot-pr
TypeScript,pancakeswap/pancake-frontend,b610a7e19ceb5689b6c90a490797462b84b461e2,copilot-pr
TypeScript,pancakeswap/pancake-frontend,848fb352fa2d152c3950fd5f61a9626af0abe63f,copilot
TypeScript,pancakeswap/pancake-frontend,024dc99b4fa56e13d544d04603333c108103547c,copilot
TypeScript,pancakeswap/pancake-frontend,cb283b55e531cdc880c318b430c450602dbad39e,copilot-pr
TypeScript,pancakeswap/pancake-frontend,416cb110b61a6f8c4fce5f6aa6f89ea09f7b457c,copilot-pr
TypeScript,pancakeswap/pancake-frontend,a3247bb49ac17bc7c0c6b45d4e7bdc1aa285ad3a,copilot-pr
TypeScript,pancakeswap/pancake-frontend,308015d5b91f8e0da8ce51fead9db6553d97d34f,copilot-pr
TypeScript,pancakeswap/pancake-frontend,f5291ded9d6555baa0f48558f739571cca0046cf,copilot-pr
TypeScript,pancakeswap/pancake-frontend,5ad6c6c8bfbbd9ab2eccd900fba73e6eb592ccdb,copilot-pr
TypeScript,pancakeswap/pancake-frontend,39d99a8c8b93e023143cd38a21b8b550b8f68ef0,copilot-pr
TypeScript,pancakeswap/pancake-frontend,45476b81f91a3fd0b2da1b43fd7cf5bda91c56d1,copilot
TypeScript,pancakeswap/pancake-frontend,9ca53aacf8a335f645b37d28c4689b21ee3803b0,copilot-pr
TypeScript,pancakeswap/pancake-frontend,06a70a7e7415a82e5cbb3073500e486c62e72170,copilot
TypeScript,pancakeswap/pancake-frontend,73b382210b87eea1896fe776bb5510378a991496,copilot-pr
TypeScript,pancakeswap/pancake-frontend,a895e63a9533abb2964dc56a5b84f5000f64fa20,copilot-pr
TypeScript,pancakeswap/pancake-frontend,80d5531a268a615e9847286e7568b757f727e3a9,copilot-pr
TypeScript,pancakeswap/pancake-frontend,7a0c21e72d1c0c35750458a3fc4c22614d204167,copilot-pr
TypeScript,pancakeswap/pancake-frontend,20ae199042e06e770417431e3ce8a8973f3f9cd1,copilot-pr
TypeScript,pancakeswap/pancake-frontend,f304b4640f1957f3805bb3835f8f8f828b056f54,copilot-pr
TypeScript,pancakeswap/pancake-frontend,b048134ab32d50a461c4463b6fb045067a846caa,copilot-pr
TypeScript,pancakeswap/pancake-frontend,612c9195a4b7aed66e9ee384430f663f2ba7aabc,copilot-pr
TypeScript,pancakeswap/pancake-frontend,6c0435deeed928ee0909f3273c37e19ea1529fa3,copilot-pr
TypeScript,pancakeswap/pancake-frontend,99253b6e8feb70101e9aab60786e0937e25ea781,copilot-pr
TypeScript,pancakeswap/pancake-frontend,000c475477fc5f242c88335bea461664617cc6c5,copilot-pr
TypeScript,pancakeswap/pancake-frontend,3687757036751e2592de55e4677fc2d3879f1bce,copilot-pr
TypeScript,pancakeswap/pancake-frontend,b7c1f4337f0be39c54d8e26c0fdfbd7398de9aaa,copilot-pr
TypeScript,pancakeswap/pancake-frontend,81970821034a9f891d6ada132d0ab4889d54bde3,copilot-pr
TypeScript,pancakeswap/pancake-frontend,df25df6e03d4b28648f9c6153fd52bb983b35212,copilot
TypeScript,pancakeswap/pancake-frontend,088702e95cf8faf3a406ff425c0dcea4e86be9a8,copilot-pr
TypeScript,pancakeswap/pancake-frontend,9d0bdc9fc0d034b92fccc6383df334004887221e,copilot-pr
TypeScript,pancakeswap/pancake-frontend,4994dc76bd6223956e8ce92b0941c9fbba0dd380,copilot-pr
TypeScript,pancakeswap/pancake-frontend,be62f3b8019a0e63da46eb3f8ddf57fe1756c3af,copilot-pr
TypeScript,pancakeswap/pancake-frontend,99a43e7b4751805620550253c1c81a394340267a,copilot-pr
TypeScript,pancakeswap/pancake-frontend,bd8473ebdf5dd2eac5d9818efcdf7cf8bf2ceaf0,copilot-pr
TypeScript,pancakeswap/pancake-frontend,0e1c728b87691c5680b29cc4f74794918deeeee3,copilot-pr
TypeScript,pancakeswap/pancake-frontend,74b3c1e8f7cdc59f41eecb8036ca5658db5d79a3,copilot-pr
TypeScript,pancakeswap/pancake-frontend,a9b41e9892131f542ebfd677cc505f3c5135333c,copilot
TypeScript,pancakeswap/pancake-frontend,f82b3ebd19b77d0f026228168226ea91b2f43323,copilot
TypeScript,pancakeswap/pancake-frontend,4b3b18079ca9cd5ac5855080887dd48c3d40ed29,copilot-pr
TypeScript,pancakeswap/pancake-frontend,2db02f01bc93588051b6df4824031b984f4bf23c,copilot
TypeScript,pancakeswap/pancake-frontend,62aaecafa58daae40653e33d159d0b47a1e064f6,copilot-pr
TypeScript,pancakeswap/pancake-frontend,3631e387435225cb516f308ac0069ac7f7481394,copilot-pr
TypeScript,pancakeswap/pancake-frontend,f2222ed7842b69c1c9bd5f475bd2fdfd9596e4ce,copilot-pr
TypeScript,pancakeswap/pancake-frontend,24f51d3142af42aae7b3bd36133824370e583e55,copilot-pr
TypeScript,pancakeswap/pancake-frontend,46dc33db6f99cffdd2041a61d25c8cda300d8b6d,copilot-pr
TypeScript,pancakeswap/pancake-frontend,f7988ec98a3f11b09408219837b78b59d8d3c3e2,copilot
TypeScript,pancakeswap/pancake-frontend,cabf087c6e47d918c8f8aa13ceefd209fe4d84c8,copilot-pr
TypeScript,pancakeswap/pancake-frontend,e9c08078742e167704e362fc00eaf07d64f4362b,copilot-pr
TypeScript,pancakeswap/pancake-frontend,8fcf77ab4d237b00909e034644b4885946724c08,copilot-pr
TypeScript,pancakeswap/pancake-frontend,659be052990741a4baadd83f1d3461b56e2ef02f,copilot-pr
TypeScript,pancakeswap/pancake-frontend,8b31acf4fda49ddf90f6e3468848ce1a0d2f5a89,copilot-pr
TypeScript,pancakeswap/pancake-frontend,de517fb478aee5148e56f489e469455e72812a3f,copilot-pr
TypeScript,pancakeswap/pancake-frontend,aa93e8c6279653131a1675d3135b33ce47367b10,copilot-pr
TypeScript,pancakeswap/pancake-frontend,fa4a103dcaa2cbb7b07686abb19973d9db3e15de,copilot-pr
TypeScript,pancakeswap/pancake-frontend,5e15c611eab231e71d9f118431d33d70f888f66d,copilot-pr
TypeScript,pancakeswap/pancake-frontend,05cdbeaee446c9f778d05a9109f652e65d94d282,copilot-pr
TypeScript,pancakeswap/pancake-frontend,bfd9abe44af823bd428313e87c9407031dc945b6,copilot-pr
TypeScript,pancakeswap/pancake-frontend,84b5d3743f39fac38f5075848ad3ac9887b3cc6c,copilot-pr
TypeScript,pancakeswap/pancake-frontend,b19016c1f1491778c70e0ee2e35a585d1dc1d71c,copilot-pr
TypeScript,pancakeswap/pancake-frontend,9f3172be8dd4f1056a4a2bdb9f8cdd6275765924,copilot-pr
TypeScript,pancakeswap/pancake-frontend,c4848219850400dacaa18eee6f7b69711a7692f1,copilot-pr
TypeScript,pancakeswap/pancake-frontend,d27ddfc450181ef84af832ff73a739dfd3edff0e,copilot-pr
TypeScript,pancakeswap/pancake-frontend,8605fa68c102cf0ea320c23e27a719af588f4fee,copilot-pr
TypeScript,pancakeswap/pancake-frontend,0d809fe5282b61f9824438a98f8210d430f7052e,copilot
TypeScript,pancakeswap/pancake-frontend,72feeb96b45447ce1ada3205a397deec248a074b,copilot
TypeScript,pancakeswap/pancake-frontend,5eb817706fd3cf34b83deca82137e15f8d55b7cd,copilot-pr
TypeScript,pancakeswap/pancake-frontend,2b9619fe334e252d0d00d70d60066d0d691d0a78,copilot
TypeScript,pancakeswap/pancake-frontend,b590424b17b1a50e6ff5e03162bede25e8b81e26,copilot-pr
TypeScript,pancakeswap/pancake-frontend,4ca0bde659022501efebf2f7254a585a3ec572fb,copilot-pr
TypeScript,pancakeswap/pancake-frontend,9ef089094611b24478f3c7fad57dbafe043c7d66,copilot-pr
TypeScript,pancakeswap/pancake-frontend,46b9699a9451fbcd30a95ac0e9faa55a8d95257a,copilot-pr
TypeScript,pancakeswap/pancake-frontend,4782a2e6e1761a9f5bda263c3b8b9a406832e377,copilot-pr
TypeScript,pancakeswap/pancake-frontend,3d18a08d0121b3853fcfa3e1dd8a84ada40fb3d5,copilot-pr
TypeScript,pancakeswap/pancake-frontend,d64a8b41d988d45c9941ccd7518734e52a520908,copilot-pr
TypeScript,pancakeswap/pancake-frontend,f4bae0e74b76c642ee47f1e304236f3a8716e7cf,copilot-pr
TypeScript,pancakeswap/pancake-frontend,6f44768edac6f50242595a6d1ba4c5008e934daf,copilot-pr
TypeScript,pancakeswap/pancake-frontend,007adc6ef7075bf84ed32c504222575d0253f856,copilot
TypeScript,pancakeswap/pancake-frontend,5ef1e69ff6a125efd36919362a7d58b61ca5d05a,copilot
TypeScript,pancakeswap/pancake-frontend,fe13962aad8bc597118ffb66b3ee9f459dab15aa,copilot-pr
TypeScript,pancakeswap/pancake-frontend,d6980a0eccc9629f1836e8d4943cb7ce87842759,copilot-pr
TypeScript,pancakeswap/pancake-frontend,30bf85800e85f3801e0fc9f1f57d6d2e2d0c8876,copilot-pr
TypeScript,pancakeswap/pancake-frontend,9b4781d125cfe430a56cd56c757ee54e6619d538,copilot-pr
TypeScript,pancakeswap/pancake-frontend,2a6e2093626a9989ccdf788abf05a6ceb637a099,copilot
TypeScript,pancakeswap/pancake-frontend,358994e9664f010044930dd69699b947cbb07f4a,copilot-pr
TypeScript,pancakeswap/pancake-frontend,2e4593b56491545f5248461dded64f6244eee2e9,copilot-pr
TypeScript,pancakeswap/pancake-frontend,801df3dcff3b39f98c55e676aa62b6374c5b89cd,copilot
TypeScript,pancakeswap/pancake-frontend,4ec175001f8d30657d38048b89b185323007e02d,copilot-pr
TypeScript,pancakeswap/pancake-frontend,6da4bb6673ad6eb374643b8aa13e9e3876c266c8,copilot
TypeScript,pancakeswap/pancake-frontend,299cf46b7c54937920478bbb2c09290dff878197,copilot
TypeScript,pancakeswap/pancake-frontend,981230df0948322fea669dcb07d3129668a5422e,copilot
TypeScript,pancakeswap/pancake-frontend,6437fbfbad1efce53ce21693f38cb4b57730db16,copilot-pr
TypeScript,pancakeswap/pancake-frontend,580484ec400db04f6e134aa5484b597ebcea8efc,copilot-pr
TypeScript,pancakeswap/pancake-frontend,13ddae5f8be9b828acdbe15f5faa481df65c1a04,copilot-pr
TypeScript,pancakeswap/pancake-frontend,14371155a813bfb5e96e680b2e174cbcab8c186f,copilot-pr
TypeScript,pancakeswap/pancake-frontend,726a09484826d6fde32258a8f63ab1061e10a21e,copilot-pr
TypeScript,pancakeswap/pancake-frontend,e2ada6d9fb5445ea9380e16f76024b75d8527583,copilot-pr
TypeScript,pancakeswap/pancake-frontend,b61dcaf3781ec3763f20af540cd76b7b5c5e3681,copilot-pr
TypeScript,pancakeswap/pancake-frontend,d8742ccbcc855aa65d1c8fb92057c0a5b8996d38,copilot-pr
TypeScript,pancakeswap/pancake-frontend,db8ffd0793c4c1998dc7ca5bce77aadbe3bae51b,copilot-pr
TypeScript,pancakeswap/pancake-frontend,df45d0f8a5d5c33cdd0486913d2012abaa82bf02,copilot
TypeScript,pancakeswap/pancake-frontend,d4c131cadfed12507d1e1b2dccc6e5c492f26125,copilot
TypeScript,pancakeswap/pancake-frontend,709f8863ed3082b1497f264fc35f637d6e41c55c,copilot-pr
TypeScript,pancakeswap/pancake-frontend,c013a4c334256a749657fbc2e7596dbc2571f9fe,copilot-pr
TypeScript,pancakeswap/pancake-frontend,14b69e538401fb157642b71a6c95b55ed8c84cca,copilot-pr
TypeScript,pancakeswap/pancake-frontend,0ca5c67adb1886191c2ab09b6a6af03f49cea2b5,copilot-pr
TypeScript,pancakeswap/pancake-frontend,9d2d1845c1953ffc7233a18b93c3be3998ad757d,copilot-pr
TypeScript,pancakeswap/pancake-frontend,1fa68c1725095bb9ed7827533de32ae0ce0ab535,copilot-pr
TypeScript,pancakeswap/pancake-frontend,2cddc26e6f1adfc21385117beefb9d8a20fe258d,copilot-pr
TypeScript,pancakeswap/pancake-frontend,6be16b2cae5c129d7bd7a3fb71f2f3977a7ea20b,copilot-pr
TypeScript,pancakeswap/pancake-frontend,51b7b1ceb496a5bfe9c91a7b3edd4fa6475e3b24,copilot-pr
TypeScript,pancakeswap/pancake-frontend,0c71b1a8467b3215e972f22325657bdaf8eee80c,copilot
TypeScript,pancakeswap/pancake-frontend,8b42c2c8d98529b22869c4e230e59355f57af4e3,copilot-pr
TypeScript,pancakeswap/pancake-frontend,ca99b0b2fb1f0abd642d6ab836ec861eb26926ec,copilot-pr
TypeScript,pancakeswap/pancake-frontend,ca0f90b69c59ce282cc39ec703444dc9581779a9,copilot-pr
TypeScript,pancakeswap/pancake-frontend,2f7f5e1a0e448ca870b2f7333035178906033726,copilot-pr
TypeScript,pancakeswap/pancake-frontend,e0a681bc68e0f1d1e82db6e48ca48ac5fd710d4e,copilot-pr
TypeScript,pancakeswap/pancake-frontend,54d6c440e974d1c7708b71f276eb47a0baefe82e,copilot
TypeScript,pancakeswap/pancake-frontend,f3b3f72765ab7f89c80c7fa0e420d46e9f701213,copilot-pr
TypeScript,pancakeswap/pancake-frontend,e2e4be1df2706f0a7de69019a30523bde2786dd3,copilot
TypeScript,pancakeswap/pancake-frontend,bc811b2a4daafdae63f05486725326dcd58dfb82,copilot-pr
TypeScript,pancakeswap/pancake-frontend,2151a6cdd588c70d131b6ebe396a776358eca75a,copilot-pr
TypeScript,pancakeswap/pancake-frontend,8b24103b1df6ff56884bc29a678a4dd4baee7ebd,copilot-pr
TypeScript,pancakeswap/pancake-frontend,f3179976604fed98f7903377a701bc5caf3a51f3,copilot
TypeScript,pancakeswap/pancake-frontend,3ff4b6c2290c06dac309ea22d6983512cd237906,copilot-pr
TypeScript,pancakeswap/pancake-frontend,061648deaf31a555a29c49be54ccd6610f99f3fb,copilot
TypeScript,pancakeswap/pancake-frontend,0dbff28b2d0afb928c3b0ac5ad4fccc9e19a4c33,copilot-pr
TypeScript,pancakeswap/pancake-frontend,afcb6a30d6f12a3154a7883fc2d93061132c1933,copilot
TypeScript,pancakeswap/pancake-frontend,64d7cd0801bae7a0876744cd33d841dcdf6dd9f1,copilot-pr
TypeScript,pancakeswap/pancake-frontend,25d3cee77255c4273ee5d9d905c739ee36ed2429,copilot-pr
TypeScript,pancakeswap/pancake-frontend,6217cc37c3f945ad6bc867aa2c1cf9d0b8701cbb,copilot-pr
TypeScript,pancakeswap/pancake-frontend,64f680cfd7e318842c4c3c367d85c6ba7a42c525,copilot
TypeScript,pancakeswap/pancake-frontend,f85c34033eda58cc0b9b6723998a1999e060bc5c,copilot
TypeScript,pancakeswap/pancake-frontend,cd1cbd434d15258eabd76f5e00b5059d5f6281f3,copilot-pr
TypeScript,pancakeswap/pancake-frontend,4b28f18d43e1c9fcf82b6b2b053e75e7c01be095,copilot-pr
TypeScript,pancakeswap/pancake-frontend,6702ee0c4c46df5d84a574c0af035f1caec9ec8d,copilot
TypeScript,pancakeswap/pancake-frontend,5cb43ff179c54d6441eb71ae1d3b5733f1c5691d,copilot-pr
TypeScript,pancakeswap/pancake-frontend,c28a6b0294f665b1fb56d49e4bff1f32decb9749,copilot-pr
TypeScript,pancakeswap/pancake-frontend,b0aa515b5b5ab170ecc6dee87dc9008cf9c86916,copilot
TypeScript,pancakeswap/pancake-frontend,420c729988cd973b90d621bca398c67aec024faa,copilot-pr
TypeScript,pancakeswap/pancake-frontend,6ebe500133bca7df7e13731e1035ba7254e3c0a3,copilot-pr
TypeScript,pancakeswap/pancake-frontend,e3a26b7e126af32d004cad7b0e0108917d214005,copilot-pr
TypeScript,pancakeswap/pancake-frontend,831d968967e086a5b2681d320e6f7287b31d3be6,copilot
TypeScript,pancakeswap/pancake-frontend,86ff60c3fbee83554bc5395a21b2397169420d81,copilot
TypeScript,pancakeswap/pancake-frontend,8fcbea4c6993f54e53bec4b78c4c15cb5539e192,copilot-pr
TypeScript,pancakeswap/pancake-frontend,1f068e9a3283f626f92d2624d7985a9ec274bf89,copilot-pr
TypeScript,pancakeswap/pancake-frontend,abddf2021abe19be8b4b7e5b8636f1f547a4da86,copilot-pr
TypeScript,pancakeswap/pancake-frontend,491a9d5810d2e4e7ec8870831a749ab8a40fb342,copilot-pr
TypeScript,pancakeswap/pancake-frontend,fed03991c7021041e0d9c0488433dbe857fe1bb3,copilot-pr
TypeScript,pancakeswap/pancake-frontend,4a59f88cda415f6a69edb2f5dfa0824b8657b201,copilot
TypeScript,pancakeswap/pancake-frontend,0ef2024201d502cb4c4b0927d570c315edd3d04e,copilot-pr
TypeScript,pancakeswap/pancake-frontend,34675d47b2a08ae9186e8e363a31aad06aed2f86,copilot-pr
TypeScript,pancakeswap/pancake-frontend,70e3f4440dc380282b0985b8e171e731c384f8e7,copilot-pr
TypeScript,pancakeswap/pancake-frontend,e6514c82e095268422e3bc22e1c8520caa1c93f2,copilot-pr
TypeScript,pancakeswap/pancake-frontend,fe79f2edf1ca494213ac327ebb62c98c04ca1958,copilot-pr
TypeScript,pancakeswap/pancake-frontend,82134f0fad367f32a3d8b526644f24803128095d,copilot-pr
TypeScript,pancakeswap/pancake-frontend,6aafd106dcd009a6036d3ccc98910f1c0dbe3c81,copilot-pr
TypeScript,pancakeswap/pancake-frontend,1e344de685a2e030260894e9d0a024f5f29cc149,copilot-pr
TypeScript,pancakeswap/pancake-frontend,fdd399347e9bf948265f232b88b85fe49bc680ef,copilot-pr
TypeScript,pancakeswap/pancake-frontend,c2acf32706d51ae0051f3dd15f1692c39421f1c8,copilot-pr
TypeScript,pancakeswap/pancake-frontend,1c18099e5f7fd96b24bd292fca1bb246248bed03,copilot-pr
TypeScript,pancakeswap/pancake-frontend,51e0d1026e0d6c1499d7743283bee5c8121d7e37,copilot-pr
TypeScript,pancakeswap/pancake-frontend,77fc3406a04363d1fb9c8ee352134407ab76dd40,copilot-pr
TypeScript,pancakeswap/pancake-frontend,81a0c73d7dda74e1b061c534f1024ce37dc6c3a4,copilot-pr
TypeScript,pancakeswap/pancake-frontend,46a40b866c84229a46b618a0a6ad21010a8897e3,copilot-pr
TypeScript,pancakeswap/pancake-frontend,6357c7da874177bdd54fc18b66deadbdcaafc8bf,copilot-pr
TypeScript,pancakeswap/pancake-frontend,0980599b12435d8f6827e0e2be1198afd0dca1d5,copilot-pr
TypeScript,pancakeswap/pancake-frontend,23fc46f4afc84164d934df77c440181a10c1ffda,copilot-pr
TypeScript,pancakeswap/pancake-frontend,fb4e38ab1855c49fc3238dcd51af1c0d8d06afda,copilot-pr
TypeScript,pancakeswap/pancake-frontend,e0668f69bfad42f9a7142ae40882913093cbe405,copilot-pr
TypeScript,pancakeswap/pancake-frontend,4a572466dfe373cbdb25f8f8a14321bd57a82070,copilot-pr
TypeScript,pancakeswap/pancake-frontend,1b085efafdb55e5777d778a0d530e47b1ca55a9c,copilot-pr
TypeScript,pancakeswap/pancake-frontend,a74e0e8f710e371e6bc0b56f356eddd15858b0f2,copilot-pr
TypeScript,pancakeswap/pancake-frontend,b7111db1b8c02b9b0c92b34afec4280319d066e2,copilot-pr
TypeScript,pancakeswap/pancake-frontend,5edc1ffb040d0870541911d6e3ef3f2912d6ffa6,copilot
TypeScript,pancakeswap/pancake-frontend,500adb4f898bd006d3312f5723b2bbadd1fa9575,copilot-pr
TypeScript,pancakeswap/pancake-frontend,c9a3e46252eb16e1cd809e64376266116e08c6a5,copilot-pr
TypeScript,pancakeswap/pancake-frontend,8217b73c30dec05d711923afbd21d3d25f60719c,copilot-pr
TypeScript,pancakeswap/pancake-frontend,ad4e99d1bee144d71686dc9cac3622aa6377f900,copilot-pr
TypeScript,pancakeswap/pancake-frontend,35a876177fdd5e370b7b9f5facf792e2067c3c9f,copilot-pr
TypeScript,pancakeswap/pancake-frontend,44daefaa2ef2134633bf6929a01c54ea5fe1e110,copilot
TypeScript,pancakeswap/pancake-frontend,96038b84a7b13a0d915322ec3296af281ea75633,copilot-pr
TypeScript,pancakeswap/pancake-frontend,96a1ff37ed634da037c6c95dcc5bca1554f84989,copilot
TypeScript,pancakeswap/pancake-frontend,ef8b5effcdea8856976144d5ca8e0f43c3b784b6,copilot
TypeScript,pancakeswap/pancake-frontend,14b229a33ff3483164c3e3072e3b8afec74627cf,copilot
TypeScript,pancakeswap/pancake-frontend,4db20d7495974460e45ed0d831c1de7bd564d7d2,copilot-pr
TypeScript,pancakeswap/pancake-frontend,e37aa76e6dddddcb0ff3a89b5e9ef0529709a276,copilot-pr
TypeScript,pancakeswap/pancake-frontend,31969397d312ec025f026e69da099e6040fb01bd,copilot
TypeScript,pancakeswap/pancake-frontend,9ee13e5e34a58085f950dc06e2eefc45fa198a20,copilot-pr
TypeScript,pancakeswap/pancake-frontend,ca9a05bc62517e4f1d5bd3984b057c8571bc2d3c,copilot-pr
TypeScript,pancakeswap/pancake-frontend,87dfc51cdbd9063aec3174714e07c3370d28343c,copilot-pr
TypeScript,pancakeswap/pancake-frontend,a96c2acba43a6d8732c2ab5f1a42cb64c3089e19,copilot-pr
TypeScript,pancakeswap/pancake-frontend,4d3dd5fa7d016ea9446386007c51946a7ffb00d0,copilot-pr
TypeScript,pancakeswap/pancake-frontend,2c681b7608d763d72ee3ba8444edde66f25bdb9a,copilot-pr
TypeScript,pancakeswap/pancake-frontend,48c39e213bb85bf4ead63690731641d348187f46,copilot-pr
TypeScript,pancakeswap/pancake-frontend,2c658d271c6f1723e92bdc8e8e1434e79406388a,copilot-pr
TypeScript,pancakeswap/pancake-frontend,b6440ab1acccb15c967894c0c44428b09a63bead,copilot-pr
TypeScript,pancakeswap/pancake-frontend,31b65f684a5dc670f1c2bbc554098cf8aa7ab167,copilot
TypeScript,pancakeswap/pancake-frontend,d8cd4cb895c6bf928471d9ba3096a09c76196983,copilot
TypeScript,pancakeswap/pancake-frontend,5f394ea447c7f9990f19b471e70b7ecb63b51262,copilot-pr
TypeScript,pancakeswap/pancake-frontend,f8c369fc9d2eff2bd8338b7a7fc7125cb5a2f4f2,copilot-pr
TypeScript,pancakeswap/pancake-frontend,8048a08759e8df05673ce1767598ae79eb2d9657,copilot-pr
TypeScript,pancakeswap/pancake-frontend,91b8fd4203cf887370bdb4266e44cbfd9fe31433,copilot-pr
TypeScript,pancakeswap/pancake-frontend,326f96c29855d963e97742056988128cbc935703,copilot-pr
TypeScript,pancakeswap/pancake-frontend,e8276fad6ca3b5aa711bc66afef0d0b239895c50,copilot-pr
TypeScript,pancakeswap/pancake-frontend,5f48c8be55d6aacd88e76e8ae1a0169ae78e51a9,copilot-pr
TypeScript,pancakeswap/pancake-frontend,df917ea7a43ffad5a72ab5ad23866b0e03ae5ad9,copilot-pr
TypeScript,pancakeswap/pancake-frontend,df16393debbe26659f34bfe04a30288a0254d89b,copilot-pr
TypeScript,pancakeswap/pancake-frontend,5f591b158e7b3063f08dbf311efb9789743e1837,copilot-pr
TypeScript,pancakeswap/pancake-frontend,299cd2b96b8042188f88d5e619ea7e422de25726,copilot-pr
TypeScript,pancakeswap/pancake-frontend,09e7ead7722c704e6dcf95be534d997fdb7ea2c7,copilot-pr
TypeScript,pancakeswap/pancake-frontend,05346550be09fa32bf15cab3452dd13697159405,copilot
TypeScript,pancakeswap/pancake-frontend,40685f7c5270d9951c82a04148162989dbd9cd79,copilot
TypeScript,pancakeswap/pancake-frontend,d857e899eb0b67d0762806ecf6a66cfe190f5a26,copilot-pr
TypeScript,pancakeswap/pancake-frontend,e8dd05243a20b9329cdb3b802dad75f680ca3d29,copilot-pr
TypeScript,pancakeswap/pancake-frontend,94963a6be9bcfaef5b5b3a4bf713a3284aa4bdb7,copilot-pr
TypeScript,pancakeswap/pancake-frontend,09be4f19c8192ad19e3eb9aa88a867d3c29b47ea,copilot-pr
TypeScript,pancakeswap/pancake-frontend,31e874dbd15401f76fcaf45eb0e99a8f55fb74e8,copilot-pr
TypeScript,pancakeswap/pancake-frontend,5706947596b3c2ad7818b56351a2ed0e049b1f8d,copilot-pr
TypeScript,pancakeswap/pancake-frontend,d8fe08f9b4692f59b1aa9e11c8db617cb3eb4355,copilot-pr
TypeScript,pancakeswap/pancake-frontend,d1a3bbeb9a100d7c8d48b3e4d892f4267f55ede6,copilot-pr
TypeScript,pancakeswap/pancake-frontend,7a279448b42561a35ebfcc3f559d19a3eeb42256,copilot-pr
TypeScript,pancakeswap/pancake-frontend,88a64fea64b4bb1e71f14505a94d658893b61cc7,copilot-pr
TypeScript,pancakeswap/pancake-frontend,3b7ecd1e6c8019c395b88984cb613c15639c8a33,copilot
TypeScript,pancakeswap/pancake-frontend,483bbc547fb03776e392f2049c97df4d505be2fe,copilot-pr
TypeScript,pancakeswap/pancake-frontend,6e3fbfd904ee3c6f996d2286d2e18c3df1a14482,copilot-pr
TypeScript,pancakeswap/pancake-frontend,96a5d8efe3860c1a6b18d63f7c66e8d7c37c0414,copilot-pr
TypeScript,pancakeswap/pancake-frontend,69ad18f3e0f54c75f47c0fcfd682280017d10b01,copilot
TypeScript,pancakeswap/pancake-frontend,5a206c348500b97fe3492a3aa6c3d6bcbd1b4a4b,copilot-pr
TypeScript,pancakeswap/pancake-frontend,3221f24d34df14e1e47efd4e4407144ee60eaf24,copilot-pr
TypeScript,pancakeswap/pancake-frontend,2b58cd542eacb05b9890db64443b84794d99a2ae,copilot-pr
TypeScript,pancakeswap/pancake-frontend,477ed49cd652aed42284dae0acf7d13ee9426554,copilot-pr
TypeScript,pancakeswap/pancake-frontend,db4c5c37993e5e639232511eda39c97516a09fe0,copilot-pr
TypeScript,pancakeswap/pancake-frontend,d1842ed715e867a8b03426532d1048f0dde5ca9a,copilot-pr
TypeScript,pancakeswap/pancake-frontend,e31475e6bf8f1bbc6c556ce19ddf755fd99fd22c,copilot-pr
TypeScript,pancakeswap/pancake-frontend,59716f4cd6d6ae1c9c6bd56def34db6755a2bac5,copilot-pr
TypeScript,pancakeswap/pancake-frontend,ab334093add5f6acd8f86c8fe6660cfaed1f02eb,copilot-pr
TypeScript,pancakeswap/pancake-frontend,1837548fe8b23ef91f92922bcef5f88f07bf427a,copilot-pr
TypeScript,pancakeswap/pancake-frontend,ec0e12bac3ba3103dc386e80cf4721f7503b223e,copilot-pr
TypeScript,pancakeswap/pancake-frontend,2d3ef21232ae1cf5dcc78ec056df83bf1d401365,copilot-pr
TypeScript,pancakeswap/pancake-frontend,2434115f9957f7ce08bdc95619d22c466783d462,copilot
TypeScript,pancakeswap/pancake-frontend,17ceb5b3a355da4c5fcef12c0ad6a3548cb6221a,copilot
TypeScript,pancakeswap/pancake-frontend,6053f7bf856bf6951df41d8eed8a0b78d137fcc1,copilot-pr
TypeScript,pancakeswap/pancake-frontend,b7d71bd545dea28d4c4ee11c9915817ec94e1a74,copilot-pr
TypeScript,pancakeswap/pancake-frontend,9c32f0c859c3080decce5b80c1fc5f9bc1ff4dee,copilot-pr
TypeScript,pancakeswap/pancake-frontend,6f0c40cded3478e53168bca035e6edf2ad28d8ea,copilot-pr
TypeScript,pancakeswap/pancake-frontend,04b08dc0805c3a448ad8999ee4feb6f4b09767f3,copilot-pr
TypeScript,pancakeswap/pancake-frontend,fe26bbf9f9bf487664d098b0dc217ae2aab0dc27,copilot-pr
TypeScript,pancakeswap/pancake-frontend,5d7f7670470784235cca04ad0b7b23ad8f84704f,copilot-pr
TypeScript,pancakeswap/pancake-frontend,1634d848ddf0da7e9a94228b3dceba845bd7bfa8,copilot-pr
TypeScript,pancakeswap/pancake-frontend,3d1e5e3174e0ae58c8bf3bfbdffa997ac3ca8376,copilot-pr
TypeScript,pancakeswap/pancake-frontend,0e9c12910b310ef0daf8c459293de7d2dd3fa976,copilot-pr
TypeScript,pancakeswap/pancake-frontend,094c5acb28074d25ad09523c13e589b557113388,copilot-pr
TypeScript,pancakeswap/pancake-frontend,a9dc07e4bafcd507011717fabec7614f202e54f1,copilot-pr
TypeScript,pancakeswap/pancake-frontend,f5ccb0dc3b53aed24e72636e58620a5c53ef6e94,copilot
TypeScript,pancakeswap/pancake-frontend,87c516ca6167974e6ab4f8d1e894bd26a40786da,copilot-pr
TypeScript,pancakeswap/pancake-frontend,0474036f1f22460fba0b83aa06e4ed58687adaae,copilot-pr
TypeScript,pancakeswap/pancake-frontend,67cd3ca34c08c5ddd63f6e3141df24e2858463b6,copilot-pr
TypeScript,pancakeswap/pancake-frontend,0b3052809f839a0453ac986829ea116e2e0281b2,copilot-pr
TypeScript,pancakeswap/pancake-frontend,d01b177b09f888826fd8e2a3575beda0dcce47b2,copilot-pr
TypeScript,pancakeswap/pancake-frontend,7c3f8ebc2a62def666a55a54cc8499d245b5d099,copilot-pr
TypeScript,pancakeswap/pancake-frontend,abcb6e1bb4960c7bf1eff103d7957dc1c40afc23,copilot-pr
TypeScript,pancakeswap/pancake-frontend,be8ab2feab5b027de0d4d4b65435c0523c3c681c,copilot-pr
TypeScript,pancakeswap/pancake-frontend,b2dac0656af592f085b58d3d7def3cc4534fbe69,copilot-pr
TypeScript,pancakeswap/pancake-frontend,0972af80e630cf0ab8fa812f108bc4e89c2fa71d,copilot-pr
TypeScript,pancakeswap/pancake-frontend,d53ab01352c25aa8c10507a24c6a81a0d2db3139,copilot-pr
TypeScript,pancakeswap/pancake-frontend,8c0cdd716f9454faa679ea2cb515160fa0d0e487,copilot-pr
TypeScript,pancakeswap/pancake-frontend,780fd7eb9bf823ca36b03d3b0915acd0a44beb30,copilot-pr
TypeScript,pancakeswap/pancake-frontend,53f4163936ca542e3d2da2e156a6f23a159f40d6,copilot-pr
TypeScript,pancakeswap/pancake-frontend,7ea26e6e2cf23eb340fcba160abfedc2a172839f,copilot-pr
TypeScript,pancakeswap/pancake-frontend,07aff68dca5a8455856d7170dc64138c0360ade9,copilot-pr
TypeScript,pancakeswap/pancake-frontend,f459244f853b378fd8a7243c8ceb185147c1308c,copilot-pr
TypeScript,pancakeswap/pancake-frontend,9b0289f51e0ec67146de066f0bc00bd446651498,copilot
TypeScript,pancakeswap/pancake-frontend,febb23d8c01efd5cacaa5cccc31606c55d4b78e2,copilot-pr
TypeScript,pancakeswap/pancake-frontend,41a58ca8b59d7152c817590ce55215660c0e1333,copilot-pr
TypeScript,pancakeswap/pancake-frontend,f1ec1b373b5fe6fa98aa490fe8fb930b3d55f2ec,copilot-pr
TypeScript,pancakeswap/pancake-frontend,bdcc1a97c9a60c2d97591be6244b3662ea15d52f,copilot-pr
TypeScript,pancakeswap/pancake-frontend,702924a06ceb941e0b35e38c086f96c3ca8adb31,copilot-pr
TypeScript,pancakeswap/pancake-frontend,df6f0cb6bda8e28bd5418051f2042638bfbf6c0a,copilot-pr
TypeScript,pancakeswap/pancake-frontend,b8aefffc31ed3e168d0572c935d6cea14460af01,copilot
TypeScript,pancakeswap/pancake-frontend,cbe65530b6b606100c047d10767f564635c8ef70,copilot-pr
TypeScript,pancakeswap/pancake-frontend,503785ef1d0d41a508f853faa37971c3a98ee9b8,copilot
TypeScript,pancakeswap/pancake-frontend,8461173641b8deaf6765ee35069e9533031aeaef,copilot-pr
TypeScript,pancakeswap/pancake-frontend,94e52f6499b9c6a2d12a548b1b948cd83f882ecc,copilot-pr
TypeScript,pancakeswap/pancake-frontend,47f659c8608623383add3308154c18d96152a962,copilot-pr
TypeScript,pancakeswap/pancake-frontend,49779797eabfe0e3097ce9039782771d7f6d3580,copilot-pr
TypeScript,pancakeswap/pancake-frontend,d296e98dd2f4bdadb2bb96f8c9ef4c7e4f63589d,copilot-pr
TypeScript,pancakeswap/pancake-frontend,c5be6d6f3bc6234642dd38636cb18c7636ea23a5,copilot
TypeScript,pancakeswap/pancake-frontend,7c19bd9e8bf34bea9457fa97583b4e5854246419,copilot-pr
TypeScript,pancakeswap/pancake-frontend,0097badb523070fd4c9a04c2c038eef5f0dea7d4,copilot-pr
TypeScript,pancakeswap/pancake-frontend,791b5e933b5f7c17e4e2a044d36dacc2ae2a2806,copilot-pr
TypeScript,pancakeswap/pancake-frontend,b11e9d1268e3c3b4c36096b4fea10fc182497314,copilot-pr
TypeScript,pancakeswap/pancake-frontend,438f7820ebdde4381cbc0a9c0b0eac73e500f19d,copilot-pr
TypeScript,pancakeswap/pancake-frontend,d2f23c9b333cd3c6792ef2d2640a6dab49ff2fcc,copilot-pr
TypeScript,pancakeswap/pancake-frontend,d317af5cd0055dae3139902426f62c064fc2fb5e,copilot-pr
TypeScript,pancakeswap/pancake-frontend,6a5b6f3f50606651b39bce111f80d264f69050ff,copilot
TypeScript,pancakeswap/pancake-frontend,86474b59e980d52e75fc921c0cc47aac19878b5f,copilot-pr
TypeScript,pancakeswap/pancake-frontend,03755b2c43fa1cf31dd448c78151ec958941394a,copilot-pr
TypeScript,pancakeswap/pancake-frontend,d0b8b1374a4548e6091475863338470782ec7461,copilot-pr
TypeScript,pancakeswap/pancake-frontend,2a88e053ff1402de8e10420b31c3625e85478287,copilot
TypeScript,pancakeswap/pancake-frontend,2f79d8b576763152ed35121feaeb680ed9dc62fd,copilot-pr
TypeScript,pancakeswap/pancake-frontend,a7e5c2b348f1e2145cbb57b40467c11c1ee19f9f,copilot-pr
TypeScript,pancakeswap/pancake-frontend,792f9f5cecf8a02a2eec7d1abce81dd77e0ecade,copilot-pr
TypeScript,pancakeswap/pancake-frontend,7337260c913ada43afde29426ed39a2f7854ed23,copilot-pr
TypeScript,pancakeswap/pancake-frontend,2f33779c7aef3a2fd40b4f22bdc401cd3118438e,copilot-pr
TypeScript,pancakeswap/pancake-frontend,0ae20f8bcbb84c1338cd9037db2d41373d0364e1,copilot-pr
TypeScript,pancakeswap/pancake-frontend,b50179ceea4243b20a18f4f757585429b4f9a27d,copilot-pr
TypeScript,pancakeswap/pancake-frontend,01120823876d939957c40f73f229fe90dde3ca84,copilot-pr
TypeScript,pancakeswap/pancake-frontend,938aa75f5070b7b22cec84686a60ddbea5642a37,copilot-pr
TypeScript,pancakeswap/pancake-frontend,4510286c8dbcf0d22ad5a6a28ec8bc01b8da1a47,copilot-pr
TypeScript,pancakeswap/pancake-frontend,e2cdb60085211928fa2fb20298fc88b2be5db0fa,copilot-pr
TypeScript,pancakeswap/pancake-frontend,79d098be73ea91ef4d548bc44a92ae49d3acdf92,copilot
TypeScript,pancakeswap/pancake-frontend,2083a8d0d4db60ad4f5ed7bcb1ec47a5340e0969,copilot-pr
TypeScript,pancakeswap/pancake-frontend,9e31d6813cc6607a25404316e73c3cb8564c830c,copilot-pr
TypeScript,pancakeswap/pancake-frontend,5a2120bd38e07358b9114302e0f5f4bad773de4e,copilot-pr
TypeScript,pancakeswap/pancake-frontend,23f11a1376e16576ca7617645de6ee5dcc901b48,copilot-pr
TypeScript,pancakeswap/pancake-frontend,2fe09cfbaee41e4f57a6a74cb514488746b88314,copilot
TypeScript,pancakeswap/pancake-frontend,77acda6cee9266a71dbdb1fc992f86ca5e767c10,copilot-pr
TypeScript,pancakeswap/pancake-frontend,29fa81478bba6076c3cfa262b33c395369da8289,copilot
TypeScript,pancakeswap/pancake-frontend,21d71afe26de9230ea5a383ef8739e25a4757f65,copilot-pr
TypeScript,pancakeswap/pancake-frontend,35b88defa2869315245ad62499163d29e8a576b3,copilot-pr
TypeScript,pancakeswap/pancake-frontend,1a62d5674e50d85a61c00c8554953dac20378db5,copilot-pr
TypeScript,pancakeswap/pancake-frontend,c61cad8f0274a20c2a6f4141bb8761da586a0f2f,copilot-pr
TypeScript,pancakeswap/pancake-frontend,31e276842ebc315a15ecbc5d2df3e73a6220a53f,copilot-pr
TypeScript,pancakeswap/pancake-frontend,893eee10c5cdce14ee0b3d94be963f70ced34892,copilot-pr
TypeScript,pancakeswap/pancake-frontend,bbe2a44eb2b9f8a6256d3494edcf4400976484d8,copilot-pr
TypeScript,pancakeswap/pancake-frontend,3c4d19e7574c403fb59da0d916d34a997e7d0587,copilot-pr
TypeScript,pancakeswap/pancake-frontend,de3e79a92693942353dfc67a610e445fddfa883c,copilot-pr
TypeScript,pancakeswap/pancake-frontend,abba1e87f3d8a0c9c8ca296d5212cfbc8147a6f7,copilot-pr
TypeScript,pancakeswap/pancake-frontend,6a59501b1a1ff022cbe631b42030ee65ad44d416,copilot-pr
TypeScript,pancakeswap/pancake-frontend,3cdcf219d5958cc0444b4e7188b742cbb68c0df6,copilot-pr
TypeScript,pancakeswap/pancake-frontend,914c5c2f71a924748ac59bcc9698acafb9cfca23,copilot-pr
TypeScript,pancakeswap/pancake-frontend,8c68314770307a7d1a9c657716f02bd7a2985738,copilot-pr
TypeScript,pancakeswap/pancake-frontend,197e8cee3e13625d6b345e3cc3c9d492aa293fd4,copilot
TypeScript,pancakeswap/pancake-frontend,0d1d21ee6757904d63b0a2cb23bbb777c1a4fe56,copilot-pr
TypeScript,pancakeswap/pancake-frontend,5bdf4cf389c86a202de7c8812ffb74e1701ea6ba,copilot-pr
TypeScript,pancakeswap/pancake-frontend,b3315de9684ceef6b0196aea41432c371f8d5b5e,copilot-pr
TypeScript,pancakeswap/pancake-frontend,9f0a9a4690edc665bd73e1e4fb91b41c4abff64a,copilot-pr
TypeScript,pancakeswap/pancake-frontend,e6a741dc508774f52418694346fb941881f2aa7d,copilot-pr
TypeScript,pancakeswap/pancake-frontend,760b75900f80099a96e0af6198248e4f4756fcbd,copilot-pr
TypeScript,pancakeswap/pancake-frontend,66298e82d970f480695905101ba75289402511df,copilot-pr
TypeScript,pancakeswap/pancake-frontend,f60f265e0179c1c604090d6381e13680b21d1174,copilot-pr
TypeScript,pancakeswap/pancake-frontend,6a9a7f4fa103324793bf7be48d897bb50dbc4e89,copilot-pr
TypeScript,pancakeswap/pancake-frontend,2c8bea3908362b26d23400471c0e8e6c23013901,copilot-pr
TypeScript,pancakeswap/pancake-frontend,c80c92e44ee1b1eb8794d9121b81f569e0294f4c,copilot-pr
TypeScript,pancakeswap/pancake-frontend,07523ae5d3cccd4e2af76efbbff693850dcc30f9,copilot-pr
TypeScript,pancakeswap/pancake-frontend,564e386d01ba77ed2c2c4329a796ab34eaf6a1b8,copilot-pr
TypeScript,pancakeswap/pancake-frontend,680ceacd2595e0a68823e3b731f54ed48c8ad8e9,copilot-pr
TypeScript,pancakeswap/pancake-frontend,17aef525a2ffedf4d9ed96432d46064c6959fbb7,copilot-pr
TypeScript,pancakeswap/pancake-frontend,ee8d833c65fe4b2e67d008d95e6cb10ac3cb20ea,copilot
TypeScript,pancakeswap/pancake-frontend,ce30e38988bd3b582ec046eb384acc940a1ff4b3,copilot-pr
TypeScript,pancakeswap/pancake-frontend,7a32057913e165792580464ccdcb0559acfacb9f,copilot-pr
TypeScript,pancakeswap/pancake-frontend,0529124e9d31fbee55f8bf18b08bc7b8fa3ddf14,copilot-pr
TypeScript,pancakeswap/pancake-frontend,6cb12dd7ce80ccc05bdca671451f3cafad07717f,copilot
TypeScript,pancakeswap/pancake-frontend,e0f8bc9dbd3c01a30e195a7f772ee22436f9ee42,copilot-pr
TypeScript,pancakeswap/pancake-frontend,fe29e9588e5d3012882db4ace6c7017646a856b4,copilot-pr
TypeScript,pancakeswap/pancake-frontend,a80adeabe9e1e43c7c61bf2a8ac0fd56d2499493,copilot-pr
TypeScript,pancakeswap/pancake-frontend,c7f39d739dd919d8b124f6ade21e8f4388ad7ec8,copilot-pr
TypeScript,pancakeswap/pancake-frontend,0a5db017c2ad009e95e6e03d68aa82457b188a56,copilot-pr
TypeScript,pancakeswap/pancake-frontend,f05f46451ff453e5022b2e75f36d77ca68d70b70,copilot-pr
TypeScript,pancakeswap/pancake-frontend,e62ac8796a3f08db7132e32c76413c26ac3171a0,copilot-pr
TypeScript,pancakeswap/pancake-frontend,098ff1920280c2f67792ae9538674ac123205cf1,copilot-pr
TypeScript,pancakeswap/pancake-frontend,1ec75efe1662128211b34242a3e9c0cb6f9eb925,copilot-pr
TypeScript,pancakeswap/pancake-frontend,52a0d751ec8028c8c43861497054dc78fb8ece92,copilot-pr
TypeScript,pancakeswap/pancake-frontend,6c4551c638936b158fa1f3419c75b66709462b74,copilot
TypeScript,pancakeswap/pancake-frontend,ca8118ca09d6cbdcbc69d04546af796eb7ec532e,copilot-pr
TypeScript,pancakeswap/pancake-frontend,7de5020f8d60ff542ea6ff095c5a88b15ef07e1c,copilot-pr
TypeScript,pancakeswap/pancake-frontend,913569914ef0ece51cc0e07fe0ec8ab7afaf734e,copilot-pr
TypeScript,pancakeswap/pancake-frontend,0bb8654d34c51c330a42957d32cfbfe6a12e0120,copilot-pr
TypeScript,pancakeswap/pancake-frontend,9d53dae2e3186f5174d821e2fb8c71f233202540,copilot-pr
TypeScript,pancakeswap/pancake-frontend,8225cf7db0aa93e0e6c94e4c4af36fb6ea63219f,copilot-pr
TypeScript,pancakeswap/pancake-frontend,fc6fd2086c82394d254667e6605e9c74f5b5a448,copilot-pr
TypeScript,pancakeswap/pancake-frontend,b17c14d932f8e16880dab726e93717d6c180db27,copilot-pr
TypeScript,pancakeswap/pancake-frontend,abcc295ba7b24cd53494ec6cd4a22f17aaa9a563,copilot
TypeScript,pancakeswap/pancake-frontend,678008bb8d9cf460172f36da1155295b45434856,copilot-pr
TypeScript,pancakeswap/pancake-frontend,a2e7bf5f8a7eaa8f4099541f0a01680ee6357b11,copilot-pr
TypeScript,pancakeswap/pancake-frontend,1411fd501aea87392c98b7dd364c1f1b0cdc7a07,copilot-pr
TypeScript,pancakeswap/pancake-frontend,ddecbfd5ff15806a84aa0cfd130c0046613148be,copilot
TypeScript,pancakeswap/pancake-frontend,96b6ad0eabc5bc9ddb84b7dd3ee4e080c103f4f4,copilot
TypeScript,pancakeswap/pancake-frontend,1dd015acac82db62427f4b9ca38c3d072e89ace0,copilot-pr
TypeScript,pancakeswap/pancake-frontend,cabdb50933cccffebda2aac85ef7cfbc68657097,copilot-pr
TypeScript,pancakeswap/pancake-frontend,73dead0c49e9eee1d9bba19139b108406b305b5a,copilot-pr
TypeScript,pancakeswap/pancake-frontend,e8aa41a627971cddecefb6a901b784000bb71500,copilot-pr
TypeScript,pancakeswap/pancake-frontend,1407688f836d5a00f3083725f8ed4df3b0ecbec7,copilot-pr
TypeScript,pancakeswap/pancake-frontend,26b9367f4f72cd9fa4fba68d29d7f9c0f4b73930,copilot-pr
TypeScript,pancakeswap/pancake-frontend,872b38f6565a4a642210e296fd1059ce0fda19bd,copilot-pr
TypeScript,pancakeswap/pancake-frontend,dbbe9ff6deea62f95c145bfb92957348e12eea5a,copilot-pr
TypeScript,pancakeswap/pancake-frontend,f3951cc29ebd6761f7f613cc3a6a9c53d89c113a,copilot-pr
TypeScript,pancakeswap/pancake-frontend,a6de24d80110c445a6d66e26cfa6e1df78a7a465,copilot-pr
TypeScript,pancakeswap/pancake-frontend,9b97c5110dfa62d586eb36db342651d3afebffa9,copilot-pr
TypeScript,pancakeswap/pancake-frontend,ae0281be7aaa36430d24491bbc5ab6ee65fec881,copilot-pr
TypeScript,pancakeswap/pancake-frontend,bad7641299576372d31055d0fc6c82ff6cd5a1ed,copilot-pr
TypeScript,pancakeswap/pancake-frontend,e015cc52c4991ac797c62f67c0a08bcb58752d1b,copilot-pr
TypeScript,pancakeswap/pancake-frontend,fdc7634052411c7400e2fe56b0affa0c1da92fa7,copilot-pr
TypeScript,pancakeswap/pancake-frontend,f9b250ecbb4a771dc39ea56270e40bba89697613,copilot-pr
TypeScript,pancakeswap/pancake-frontend,20418aee8fb5f9b4053f732b6bce5b00229d8295,copilot-pr
TypeScript,pancakeswap/pancake-frontend,bfece057ce7b94abd76fd95461a3f1ced5cf16a1,copilot-pr
TypeScript,pancakeswap/pancake-frontend,f0a025a781e0e02b552390bc9713abe3297be39b,copilot-pr
TypeScript,pancakeswap/pancake-frontend,b86c4aaa5be2c0e9ec07524740a28fa433723fc1,copilot-pr
TypeScript,pancakeswap/pancake-frontend,78276f64566e11a55d7ca879a153dae09f4022ba,copilot-pr
TypeScript,pancakeswap/pancake-frontend,b44641250515ac0651085f8aa80891a6a21a1f3e,copilot-pr
TypeScript,pancakeswap/pancake-frontend,66cf5a328acd54502676da483eb82c5ca581ea00,copilot-pr
TypeScript,pancakeswap/pancake-frontend,230bcd982f67dc45bb0038fa41d64153dabb2513,copilot-pr
TypeScript,pancakeswap/pancake-frontend,98cc45a29f546bcd9a3ad766b217009cb3666b42,copilot-pr
TypeScript,pancakeswap/pancake-frontend,5baa33fb5e96f2ab3db925dbaec6cff9591ef80f,copilot-pr
TypeScript,pancakeswap/pancake-frontend,7e904fc6e8e502e772e5b92272be699c6033b755,copilot-pr
TypeScript,pancakeswap/pancake-frontend,8bd6797543eb499c58a13d9b786e7de4fb7e0e0f,copilot-pr
TypeScript,pancakeswap/pancake-frontend,ad62dd88622698fe622d0dd7e0e05d73345c92db,copilot-pr
TypeScript,pancakeswap/pancake-frontend,84e5baef67169cef5b4754d87618060ecb54f42e,copilot-pr
TypeScript,pancakeswap/pancake-frontend,6bed31bab22f0289b4d7f3ae4789d9e2ca8479c1,copilot-pr
TypeScript,pancakeswap/pancake-frontend,390db9c9f89da6c09d2b784ff342d602b18679f0,copilot
TypeScript,pancakeswap/pancake-frontend,de16090a2040f49dbec13a7204e41655c96a8e95,copilot-pr
TypeScript,pancakeswap/pancake-frontend,eaf9a97a33a4ad0e83d9015fab7b35e4b8bf9b18,copilot-pr
TypeScript,pancakeswap/pancake-frontend,abc8b16073245a61a3179ae1707f28a95c99713c,copilot-pr
TypeScript,pancakeswap/pancake-frontend,bff38ef5ed75ccb23ae0c1c7c3d4f2a370fb2d08,copilot-pr
TypeScript,pancakeswap/pancake-frontend,c14fad420bcdac8038970e7130ec8d5571a1db5f,copilot-pr
TypeScript,pancakeswap/pancake-frontend,e9347e99240ef5e4d5f5df4e0bf4ca92507fa500,copilot-pr
TypeScript,pancakeswap/pancake-frontend,cd26f37871470010066a86b424b40fb63d6aeb3f,copilot-pr
TypeScript,pancakeswap/pancake-frontend,77ba22193f75a838fde3196f6e37ba1b029c5505,copilot-pr
TypeScript,pancakeswap/pancake-frontend,fb72a46598b775ac2ed6f3f9eef247ccc563166c,copilot-pr
TypeScript,pancakeswap/pancake-frontend,5a3e410eb8f89819c9a391aa289533110616c612,copilot
TypeScript,pancakeswap/pancake-frontend,4d52affbb227e8aa5607990d0da38f43a96157f1,copilot-pr
TypeScript,pancakeswap/pancake-frontend,914e334c0392a3dab81d3f95ee63e9aa2a6798ee,copilot
TypeScript,pancakeswap/pancake-frontend,fc0dc8f82f355449bd2f5633d7de184b72f06c85,copilot-pr
TypeScript,pancakeswap/pancake-frontend,9e8a6f8ddffd2a2eb54c37cb6d86730029b372c8,copilot
TypeScript,pancakeswap/pancake-frontend,d98e7692abb14ce0d349d154c235082c2fb257b6,copilot-pr
TypeScript,pancakeswap/pancake-frontend,1584e1e0eccbaf759293bf5b36fe92f9030f71dd,copilot-pr
TypeScript,pancakeswap/pancake-frontend,349274569893549bdc6b18db3b55bb20d017f5f2,copilot-pr
TypeScript,pancakeswap/pancake-frontend,a8aba93c84c7cd6c915ce87914badc1c923206c9,copilot
TypeScript,pancakeswap/pancake-frontend,a0e76efb97f708afdd0cf8b947eb57d1e26eaa79,copilot-pr
TypeScript,pancakeswap/pancake-frontend,1cda00fbc6389444cb5d4e02c6ee599c8b9472dd,copilot-pr
TypeScript,pancakeswap/pancake-frontend,38170b41f01a0158345e1522df005cfe50a95b6b,copilot-pr
TypeScript,pancakeswap/pancake-frontend,7633b34ae88efd71e1bb1132d1b6f355919c2bfb,copilot-pr
TypeScript,pancakeswap/pancake-frontend,1a2b98aea81fd0365d106dfaf58b1e2a3886a871,copilot-pr
TypeScript,pancakeswap/pancake-frontend,0f7f304ff17b5de94b890136de2930f7bf459be7,copilot-pr
TypeScript,pancakeswap/pancake-frontend,e3d4a1b530948559eb1c533f19c12465c197d445,copilot-pr
TypeScript,pancakeswap/pancake-frontend,ce1c600a9ce326548698e5672c9d94f92849606a,copilot-pr
TypeScript,pancakeswap/pancake-frontend,8f34efdb3a295215fccb240d446ca280b8633528,copilot-pr
TypeScript,pancakeswap/pancake-frontend,c866c0ba126f34ab7bb0a13ce0dec87bb05fd2d5,copilot
TypeScript,pancakeswap/pancake-frontend,6eb9be3def221b8a178764b1f02c31786fdccc8d,copilot-pr
TypeScript,pancakeswap/pancake-frontend,e18d6039aa8c735e04996ff40ec0c259e3cd5025,copilot-pr
TypeScript,pancakeswap/pancake-frontend,79e7033141f566ab683f53b60c6c6d31959c054c,copilot
TypeScript,pancakeswap/pancake-frontend,a94fba95c6a10e9b338a53edc6b68e1861788533,copilot-pr
TypeScript,pancakeswap/pancake-frontend,051e8e10621c7b37696dc44d53c5c6a4967eeadd,copilot-pr
TypeScript,pancakeswap/pancake-frontend,3e42160ba50dee513e7c78b03181633a50e71ccf,copilot-pr
TypeScript,pancakeswap/pancake-frontend,f326dbab6b9429bf29f13146158418d7994c0f89,copilot-pr
TypeScript,pancakeswap/pancake-frontend,822f01c46300dab24c4c622c3a8191d4681438b6,copilot-pr
TypeScript,pancakeswap/pancake-frontend,dddbdffe46d089c91665ee9b58b1fb83204037eb,copilot-pr
TypeScript,pancakeswap/pancake-frontend,155a670ffdb6048fb2d4cd468e9fd1e8df5f42e1,copilot-pr
TypeScript,pancakeswap/pancake-frontend,4c3be071c12f0465a0bf07648179cddc142d836e,copilot-pr
TypeScript,pancakeswap/pancake-frontend,b8cd9a95da5740bf1cb51030f7475f25c274dde7,copilot-pr
TypeScript,pancakeswap/pancake-frontend,d0c44bd629d30f09381eac34143ebbb9f251b4a2,copilot
TypeScript,pancakeswap/pancake-frontend,0903c56350319d11472b4340b676d82a3ce0cc15,copilot-pr
TypeScript,pancakeswap/pancake-frontend,468d5f1ebcb6c4d2cf822b5eee0a9c04e07cda13,copilot-pr
TypeScript,pancakeswap/pancake-frontend,49689c5c14c4694412d06afebfc5e5dcdb4fc857,copilot-pr
TypeScript,pancakeswap/pancake-frontend,82fd915ac250a87d3b3f666c9adf77538aa8f1b3,copilot-pr
TypeScript,pancakeswap/pancake-frontend,365fad5bec888b3be9301276f2d8132b5aab7cc2,copilot-pr
TypeScript,pancakeswap/pancake-frontend,5cd1fb4555f74fa1442131cc29619c61deb02385,copilot
TypeScript,pancakeswap/pancake-frontend,e154d314b7385b197c8dbcfddb6d0678442dac00,copilot-pr
TypeScript,pancakeswap/pancake-frontend,d679febae3d08494a8dd420933f163856e75df10,copilot
TypeScript,pancakeswap/pancake-frontend,98ad23f4652ae29e256d0b0f9c7c511657fa0c60,copilot-pr
TypeScript,pancakeswap/pancake-frontend,ba82c8098540e22e6632db51ae22af6c0352a341,copilot-pr
TypeScript,pancakeswap/pancake-frontend,e367ce8204f29e30981430c14038724fdf3213e2,copilot-pr
TypeScript,pancakeswap/pancake-frontend,e816be84f67264b801aacc34ebb4ee955fbe28d6,copilot-pr
TypeScript,pancakeswap/pancake-frontend,5414d71980025d13d228a32d8d55df10849ac1b0,copilot-pr
TypeScript,pancakeswap/pancake-frontend,c8bc8b3efccc56e789a8aebfcda7fd0e9c7985fc,copilot-pr
TypeScript,pancakeswap/pancake-frontend,ad097847bb45efe83ea36a3ce4edd8ed25b9ca10,copilot-pr
TypeScript,pancakeswap/pancake-frontend,90e5bcf8686b2b1a038d0c2d3ce7e768a60bd686,copilot-pr
TypeScript,pancakeswap/pancake-frontend,1ca9376d14512ed4d0659de3103641e091b6dc72,copilot
TypeScript,pancakeswap/pancake-frontend,c58a1103a4991b1608e9bf21edb45281be3547cf,copilot-pr
TypeScript,pancakeswap/pancake-frontend,7975d3ee1096450cd968787c202289c5802c44d2,copilot-pr
TypeScript,pancakeswap/pancake-frontend,e0d323db2b7400747cde64441fa1378f12abddc8,copilot-pr
TypeScript,pancakeswap/pancake-frontend,798d9f891ec11067a17a5fdbaf5f7e926a7bf5f0,copilot-pr
TypeScript,pancakeswap/pancake-frontend,4dd7eb54820f79c73d9dee8a4d61dc14a6ee9db2,copilot-pr
TypeScript,pancakeswap/pancake-frontend,8ca3e1b3fa6a4da14dfbc54fec4d8b1cff607914,copilot-pr
TypeScript,pancakeswap/pancake-frontend,b5dbd2921402a7efcab5cd5867b933db5500d995,copilot-pr
TypeScript,pancakeswap/pancake-frontend,b56c6a31fb7d0c045ac583a8abbfa96b851578ac,copilot-pr
TypeScript,pancakeswap/pancake-frontend,05c93da9f6f3aeb099fc72d9a69c32ea5ccd5351,copilot-pr
TypeScript,pancakeswap/pancake-frontend,57f93ae114c845fe11cd46681ca57b2bf56cf549,copilot-pr
TypeScript,pancakeswap/pancake-frontend,45caa97e92882d0bba05b03f80b311f83b4b1a6f,copilot-pr
TypeScript,pancakeswap/pancake-frontend,9b3c829e2c429b87e119d139b3494eb3318f4c3a,copilot-pr
TypeScript,pancakeswap/pancake-frontend,5778cb7a18f8c913f06553a42da325a0108d54a4,copilot-pr
TypeScript,pancakeswap/pancake-frontend,8660607be857b461bd0d251d21ccd5a080a62405,copilot-pr
TypeScript,pancakeswap/pancake-frontend,9d639e6e5d664970c8c960711ee950ad046c9d82,copilot-pr
TypeScript,pancakeswap/pancake-frontend,9bee15cad7b57997c75b5236c6a0c6f6a612fa67,copilot-pr
TypeScript,pancakeswap/pancake-frontend,39fcf6b10839b05aa0be3ab7ee8f7015173b5113,copilot-pr
TypeScript,pancakeswap/pancake-frontend,1ebbb2e5eddfcbc397429e7db75b0caec1a61244,copilot
TypeScript,pancakeswap/pancake-frontend,f1f02fd0cfedb82cfe92b9e0ae68d990c5cef034,copilot-pr
TypeScript,pancakeswap/pancake-frontend,f496d39514256c3ddcf2fe711c2a31b53549f94a,copilot
TypeScript,pancakeswap/pancake-frontend,c8281cdad0f8721a21db975bfbccb4ff4bdd31ae,copilot-pr
TypeScript,pancakeswap/pancake-frontend,c17e941ac4dd3277ef5bab0f3924b7d4d358d279,copilot-pr
TypeScript,pancakeswap/pancake-frontend,8b37e477c33e18b11480b69cc277a6ebd0c8a187,copilot-pr
TypeScript,pancakeswap/pancake-frontend,c87f14ca8119d6ad14d0abc2be64fa89a58d561e,copilot-pr
TypeScript,pancakeswap/pancake-frontend,3d39a50170ce0ee989f7ba08afc58abf0184cc26,copilot-pr
TypeScript,pancakeswap/pancake-frontend,3e5007057527783d47ede5c0102ea61da702323d,copilot-pr
TypeScript,pancakeswap/pancake-frontend,34d22832143b06e36286ab637942eb983dbfb75c,copilot-pr
TypeScript,pancakeswap/pancake-frontend,5a56ed57cdaba16f357ba2c8d67735ad84822480,copilot-pr
TypeScript,pancakeswap/pancake-frontend,09413fdd4162a1341eda6094172f05d4bd03e3b6,copilot-pr
TypeScript,pancakeswap/pancake-frontend,4c06584bf5fb2fe2d69c1ad86790ac1bb9e9cff6,copilot-pr
TypeScript,pancakeswap/pancake-frontend,8cda255a6ffb3bd26b95c270b52fdf822807a31d,copilot-pr
TypeScript,pancakeswap/pancake-frontend,a44cd52c5523b730609a4249119b4815d11320d9,copilot-pr
TypeScript,pancakeswap/pancake-frontend,763c58c9283078ac12f81271b9a76c4081898861,copilot-pr
TypeScript,pancakeswap/pancake-frontend,64fed15aa010bc02fc6f6ad5eb4ec67b7bd6d768,copilot-pr
TypeScript,pancakeswap/pancake-frontend,286a6f90b0b3c0aa76ca42c28cb57e8de5ab6870,copilot-pr
TypeScript,pancakeswap/pancake-frontend,26dcd4a7e3529018fc74c385dfd312ba4ac4018c,copilot-pr
TypeScript,pancakeswap/pancake-frontend,b757d5efeeecd98f1f231676aabd389d399f692f,copilot-pr
TypeScript,pancakeswap/pancake-frontend,27147189c8457b5570dfbe6958764e53a56facc0,copilot-pr
TypeScript,pancakeswap/pancake-frontend,68bec4a755cb926d4e39f8dd58290768b4e37500,copilot-pr
TypeScript,pancakeswap/pancake-frontend,a613d8fe8396eed60132553fd2ca8677b8d3c9bf,copilot-pr
TypeScript,pancakeswap/pancake-frontend,711e076fcd7d01ec5c5c061dc321a3bae5a0066f,copilot-pr
TypeScript,pancakeswap/pancake-frontend,0eb14fd0ad61c0c70aafd8ab70094b3fd18b3a39,copilot-pr
TypeScript,pancakeswap/pancake-frontend,aec463284e144a3f07bd21087e7899ddd6861b48,copilot-pr
TypeScript,pancakeswap/pancake-frontend,79019aece234fece8b6b713c107fadc25a525ad7,copilot-pr
TypeScript,pancakeswap/pancake-frontend,04e7a2a264cec9d6f6e5a60d8bce0b171593a26b,copilot-pr
TypeScript,pancakeswap/pancake-frontend,078ee23fb101deb30c53460f8308b631ba92a501,copilot-pr
TypeScript,pancakeswap/pancake-frontend,238f873dc8ceb1aeff3da55d98118ef566bca261,copilot-pr
TypeScript,pancakeswap/pancake-frontend,a7998e24168b066256b74d408eeb3f42c4e93103,copilot-pr
TypeScript,pancakeswap/pancake-frontend,41ae326d68f63bd3b34cbbd475e8cad84b481b24,copilot-pr
TypeScript,pancakeswap/pancake-frontend,7992744141967212e4c82e38534f809bd3ec9a18,copilot-pr
TypeScript,pancakeswap/pancake-frontend,cffeec784b5a7bca01c5c87f74457fcabcc4692a,copilot-pr
TypeScript,pancakeswap/pancake-frontend,c72f24cbade233587fa3b9266654a0b3f9dfd73a,copilot-pr
TypeScript,pancakeswap/pancake-frontend,1945fda433990bab848283c9f18804498b3ec176,copilot-pr
TypeScript,pancakeswap/pancake-frontend,239d1bd3ca2ac1c2b5027ec256589b9d167449f1,copilot-pr
TypeScript,pancakeswap/pancake-frontend,9691c56ac0a288fac7cd2847bca44e9858cec823,copilot-pr
TypeScript,pancakeswap/pancake-frontend,bf993381103fd07a868ed2bdd7235fcdc92e7a93,copilot-pr
TypeScript,pancakeswap/pancake-frontend,3483fe63a3873c8ed3aab832239a86067fb0daf6,copilot-pr
TypeScript,pancakeswap/pancake-frontend,addc30ed545f62d469ba5778e676662cdff60700,copilot-pr
TypeScript,pancakeswap/pancake-frontend,56dfe8661886afdcf98e0cee176cc00560e2bbf0,copilot-pr
TypeScript,pancakeswap/pancake-frontend,cefadcaef2267e777ce686e6d2ebe570fb025cb4,copilot-pr
TypeScript,pancakeswap/pancake-frontend,1dd538bcdd46ddf2c758f1c5c520a6dc6d656806,copilot-pr
TypeScript,pancakeswap/pancake-frontend,cce41fa570a7b05653f989463c9f8625b6639151,copilot-pr
TypeScript,pancakeswap/pancake-frontend,7e6c1f033f7de83498851dcc67f1c6b470c440f2,copilot-pr
TypeScript,pancakeswap/pancake-frontend,64cc41d14b56b910696e6d08ccfe61db9749b02b,copilot-pr
TypeScript,pancakeswap/pancake-frontend,027577a2d4c7a6c57432118673359d259e05d923,copilot-pr
TypeScript,pancakeswap/pancake-frontend,813163ecf70ad953a251bb990b176a1068bbf27c,copilot-pr
TypeScript,pancakeswap/pancake-frontend,b939ca743bb9386432907d2403dbd7c0771a66a6,copilot
TypeScript,pancakeswap/pancake-frontend,144a2e6f103359b6d70bb5f481c605cbbb00c3fd,copilot-pr
TypeScript,pancakeswap/pancake-frontend,ec43cca92d52f53e1e5514f1b685a09740e19614,copilot-pr
TypeScript,pancakeswap/pancake-frontend,f526b3c94307f4641c24e02537194f6de677df08,copilot-pr
TypeScript,pancakeswap/pancake-frontend,f580d58fa947d09d3084765c25b21a2c7c31ce25,copilot-pr
TypeScript,pancakeswap/pancake-frontend,91af69fa241a074d92e2930d0148056540ea4d9d,copilot-pr
TypeScript,pancakeswap/pancake-frontend,f041fea490f050444de4a465103788a9f9bd2ca8,copilot-pr
TypeScript,pancakeswap/pancake-frontend,6cc4b677130efbcc9b13a01af07278953f5df85f,copilot-pr
TypeScript,pancakeswap/pancake-frontend,395346156c455a9dcc6bd966454853d031a3070c,copilot-pr
TypeScript,pancakeswap/pancake-frontend,d6188074fefa150c585182ed17e8ccf553055f46,copilot-pr
TypeScript,pancakeswap/pancake-frontend,ee7d476ad4248beac4b1215036f40735d898cd42,copilot-pr
TypeScript,pancakeswap/pancake-frontend,02010c816e1b630aa338fdfb78a58a7362ea92e0,copilot-pr
TypeScript,pancakeswap/pancake-frontend,8be6ffd9c7a9c3aff2f41424e60db0ff0379663d,copilot-pr
TypeScript,pancakeswap/pancake-frontend,4bba7386720ed08c3f9bf89e66a41a1abf3c4912,copilot-pr
TypeScript,pancakeswap/pancake-frontend,2a9da84cf9fc8bcbcbb3b9a2e09b809696c907d7,copilot-pr
TypeScript,pancakeswap/pancake-frontend,1500d81e874b341eb23e2cba460645a7f0d28f9c,copilot-pr
TypeScript,pancakeswap/pancake-frontend,bf163d43b72890d99af4543dfe0ec5f7bfd01665,copilot-pr
TypeScript,pancakeswap/pancake-frontend,ef4c0098790aa0b7377a1005c7980dbe63e9c188,copilot-pr
TypeScript,pancakeswap/pancake-frontend,e673ed9cd196996db96ce7a97fffed94498499cf,copilot-pr
TypeScript,pancakeswap/pancake-frontend,b0c123f90b9c1a505a9ceea48cbc86c01263ea54,copilot-pr
TypeScript,pancakeswap/pancake-frontend,ebee7b469e01959e7e6d1c7643bc56640597c83c,copilot-pr
TypeScript,pancakeswap/pancake-frontend,25b3a00213ed0b96df96fd648a9b8c7c9a29ee06,copilot
TypeScript,pancakeswap/pancake-frontend,b1b91e6719fe2aac368d3a69bae8d7faeef73ec0,copilot-pr
TypeScript,pancakeswap/pancake-frontend,ee3cb84a635ae6747591d0c7a885ec804a234b9d,copilot-pr
TypeScript,pancakeswap/pancake-frontend,65830b4c8fc2216800804a11e0bb9dfac9ecf3fa,copilot-pr
TypeScript,pancakeswap/pancake-frontend,227dd1752564de2b8f9bfbddede44e83ebed0b38,copilot-pr
TypeScript,pancakeswap/pancake-frontend,2e3d5a6443cc24dbdea10a65fd85007c992438f7,copilot-pr
TypeScript,pancakeswap/pancake-frontend,168e983093452b2675557dac2eb6e8e8702a86aa,copilot-pr
TypeScript,pancakeswap/pancake-frontend,4834f55f2347edccb2ef9859ee994f5c9b322a77,copilot-pr
TypeScript,pancakeswap/pancake-frontend,ccebd3ccc53add69c1bb847f69be9d8bf582b701,copilot-pr
TypeScript,pancakeswap/pancake-frontend,5a01b5b26b6a9fcf7e9b756c98659d95bbda6f40,copilot-pr
TypeScript,pancakeswap/pancake-frontend,77e056357bc7a4319df868962ef8df85f994352c,copilot-pr
TypeScript,pancakeswap/pancake-frontend,b7bdb08e7407da775179d0f6cbd488aee0bebdfd,copilot-pr
TypeScript,pancakeswap/pancake-frontend,7cee458706b7b1e58152b268d408c52f9521b9f6,copilot-pr
TypeScript,pancakeswap/pancake-frontend,5bbdc9280d3b7f7155ee008422cf7f8ba722c524,copilot-pr
TypeScript,pancakeswap/pancake-frontend,41ad39670a241bbcdb9c078a511e28c12e0c50e1,copilot
TypeScript,pancakeswap/pancake-frontend,f69a16b404b54a264d7d72b25071466cf2bbeb5f,copilot
TypeScript,pancakeswap/pancake-frontend,810ac9cfc560046cc314779dd1a74b4062e1175b,copilot-pr
TypeScript,pancakeswap/pancake-frontend,33bcd0d1c106f6c7ada1feb6ac57c10b173d5a59,copilot-pr
TypeScript,pancakeswap/pancake-frontend,c79c32ee7d245242d248d9c2cf4d7e89879945f5,copilot
TypeScript,pancakeswap/pancake-frontend,f4f016c26a8af134e2d8681440aa0662361b54a1,copilot-pr
TypeScript,pancakeswap/pancake-frontend,8b89d43985680fb651d8b0712216fd3d6f10fadd,copilot-pr
TypeScript,pancakeswap/pancake-frontend,412dfd5047be10258379da0b39afee18b9fa8e83,copilot-pr
TypeScript,pancakeswap/pancake-frontend,1bf863fc905aa7e8e04705294d83769d81bfd37f,copilot-pr
TypeScript,pancakeswap/pancake-frontend,729a550b5d21b9d5cb85dbe7d05b68482c820330,copilot-pr
TypeScript,pancakeswap/pancake-frontend,bae0eb67c5faec1dc13bb57bad0f4f52c2e25ae9,copilot-pr
TypeScript,pancakeswap/pancake-frontend,13df749b5b0b6895609abd531507bf0265c72558,copilot-pr
TypeScript,pancakeswap/pancake-frontend,86f52eb2698489c34523afae71c52672726713e1,copilot-pr
TypeScript,pancakeswap/pancake-frontend,99896445c3e8ac112db0550a7671d0d0884e231e,copilot-pr
TypeScript,pancakeswap/pancake-frontend,0af95c43afe3ffffb70a84f260cef403091e67dd,copilot-pr
TypeScript,pancakeswap/pancake-frontend,064a33b15f887224dff7fe914f4301098e773f55,copilot-pr
TypeScript,pancakeswap/pancake-frontend,5aec6ef953465c690268a2ef5f3747f0408e1cd0,copilot-pr
TypeScript,pancakeswap/pancake-frontend,f53e68885847287ff2c0f75d8bc1cff3c5d73630,copilot-pr
TypeScript,pancakeswap/pancake-frontend,c9d584e483de7f4cbc92099fe5b8f6a52ae12de0,copilot-pr
TypeScript,pancakeswap/pancake-frontend,7316074af3348786a11cecbdb1f3abb84b24d67d,copilot-pr
TypeScript,pancakeswap/pancake-frontend,d7eaa17b3935d91efe4b44f315975228907ad59f,copilot-pr
TypeScript,pancakeswap/pancake-frontend,4eccbb8950dad2a0570b68b1507c598bf3b06cbc,copilot-pr
TypeScript,pancakeswap/pancake-frontend,ddfca06167c95e9aa8f263f9e8979ff5258caa61,copilot-pr
TypeScript,pancakeswap/pancake-frontend,dd6cecab188c5328d331d14de3f8701510888274,copilot-pr
TypeScript,pancakeswap/pancake-frontend,878cb6befc1d3bc60dfdf7ccdde0295f14c95b47,copilot-pr
TypeScript,pancakeswap/pancake-frontend,ae118c6577d559b6c322d5fc30e1699c07660cce,copilot-pr
TypeScript,pancakeswap/pancake-frontend,f710ef10afc1a7534882ebd1941c8ab976021d24,copilot-pr
TypeScript,pancakeswap/pancake-frontend,0f78106469481922d8ce54ab6c892337fa022940,copilot-pr
TypeScript,pancakeswap/pancake-frontend,edf9385daefd01f1170155e3862ea30cff8bd42a,copilot-pr
TypeScript,pancakeswap/pancake-frontend,9714200e3f931db86592c915304d3a0d02e15cae,copilot-pr
TypeScript,pancakeswap/pancake-frontend,72a153ee212f7a7fea0edf78c1454854514557b0,copilot-pr
TypeScript,pancakeswap/pancake-frontend,f05c0677ef09e4e7cf924ccdfda77523ac9e07d6,copilot-pr
TypeScript,pancakeswap/pancake-frontend,72a028232f83753e02363cc7449e9d5e45d21392,copilot-pr
TypeScript,pancakeswap/pancake-frontend,8a882c700b5b0dfa5f07f3fe6a65a88baf031036,copilot-pr
TypeScript,pancakeswap/pancake-frontend,9f2bf6b370c40fae42752ca0ef9653fa99722f73,copilot-pr
TypeScript,pancakeswap/pancake-frontend,0b1b8e19437e5bfcea4fef772b69e0f722025fc3,copilot-pr
TypeScript,pancakeswap/pancake-frontend,21598174c8618f179cb11bfe3effa13acbcec0ac,copilot-pr
TypeScript,pancakeswap/pancake-frontend,52a1a0182d4a93ea49be228bd3ec386acb1f23b0,copilot-pr
TypeScript,pancakeswap/pancake-frontend,6f64cdaf4a00f42f16807516c5beae03badfb1c0,copilot-pr
TypeScript,pancakeswap/pancake-frontend,b52bc6579ed48ba6f6f28058e1453645ec93e6cb,copilot-pr
TypeScript,pancakeswap/pancake-frontend,c3367d34ed0eca52c1a50e929569d0ea46e14111,copilot
